ID,Topic,Test 2
1,good_location,"close_to_airport, very_clean_beach, no_evident_not_close_to_airport, no_evident_not_very_clean_beach"
3,good_location,"great, close_to_airport, close_to_bus_stop, no_evident_not_not_great, no_evident_not_close_to_airport, no_evident_not_close_to_bus_stop"
5,good_location,"close_to_airport, no_evident_not_close_to_airport, clean_beach, no_evident_not_clean_beach, convenient_location, no_evident_not_convenient_location, easy_stroll, no_evident_not_easy_stroll, nice_restaurants, no_evident_not_nice_restaurants, great_beach, no_evident_not_great_beach"
8,good_location,"nice, no_evident_not_nice, location, no_evident_not_location"
10,good_location,"close_to_quiet_area, no_evident_not_close_to_quiet_area"
11,good_location,"close_to_the_airport, close_to_the_town_center, short_walk_away, affordable, no_evident_not_close_to_the_airport, no_evident_not_close_to_the_town_center, no_evident_not_short_walk_away, no_evident_not_affordable"
13,good_location,"short_drive_to_airport, well_located, no_evident_not_short_drive_to_airport, no_evident_not_well_located"
14,good_location,"close_to_airport, close_to_restaurants_bars, no_evident_not_close_to_airport, no_evident_not_close_to_restaurants_bars"
15,bad_location,"located_on_edge, it_is_a_bit_on_the_edge_of_larnaca, have_evident_located_on_edge, have_evident_it_is_a_bit_on_the_edge_of_larnaca, has_frequent_busses, with_frequent_busses_to_the_centre, have_evident_has_frequent_busses, have_evident_with_frequent_busses_to_the_centre"
15,good_location,"close_to_airport_for_early_morning_flight, nearby_beach, no_evident_not_reasonably_close_to_airport, no_evident_not_could_have_stroll_along_nearby_beach"
18,good_location,"here_s_the_text_in_assumption_based_argumentation_aba_format_based_on_your_conditions, regular_service, close_to_centre_of_larnaka, no_evident_not_regular_service, no_evident_not_close_to_centre_of_larnaka"
19,good_location,"close_to_airport, no_evident_not_close_to_airport"
26,good_location,"close_to_beach, no_evident_not_close_to_beach, close_to_lake, no_evident_not_close_to_lake"
27,good_location,"close_to_larnaca_airport, before_flying, no_evident_not_close_to_larnaca_airport, no_evident_not_before_flying"
28,bad_location,"buildings_under_construction, poorly_lit_buildings, have_evident_buildings_under_construction, have_evident_poorly_lit_buildings"
30,good_location,"close_to_restaurants, short_drive_to_airport, no_evident_not_close_to_restaurants, no_evident_not_short_drive_to_airport"
31,good_location,"close_to_mackenzy_beach, close_to_larnaca_airport, no_evident_not_close_to_mackenzy_beach, no_evident_not_close_to_larnaca_airport"
36,bad_location,"located_in_small_side_street, have_evident_located_in_small_side_street"
36,good_location,"close_to_sea_front, no_evident_not_close_to_sea_front"
37,good_location,"close_to_airport, no_evident_not_close_to_airport, close_to_clean_beach, no_evident_not_close_to_clean_beach"
40,good_location,"close_to_airport, close_to_mackenzie_beach, no_evident_not_close_to_airport, no_evident_not_close_to_mackenzie_beach"
41,bad_location,"kitchen, have_evident_kitchen, shut, have_evident_shut, have_evident_located_in_small_side_street"
41,good_location,"close_to_airport_by_car, close_to_beach, no_evident_not_close_to_airport_by_car, no_evident_not_close_to_beach"
44,bad_location,"but, have_evident_but, noisy, have_evident_noisy"
45,bad_location,"plane_noise, have_evident_plane_noise"
45,good_location,"close_to_5_minutes_walk, no_evident_not_close_to_5_minutes_walk"
49,good_location,"close_to_airport, short_walk_to_sea, no_evident_not_close_to_airport, no_evident_not_short_walk_to_sea"
50,good_location,"close_to_airport, no_evident_not_close_to_airport, this_is_the_only_support_and_its_corresponding_contrary_based_on_the_given_text"
51,good_location,"near_airport, no_evident_not_near_airport"
53,good_location,"close_to_airport, mackenzie_beach, no_evident_not_close_to_airport, no_evident_not_mackenzie_beach"
55,good_location,"near_airport, clean_beach, no_evident_not_near_airport, no_evident_not_clean_beach"
56,good_location,"close_to_airport, no_evident_not_close_to_airport, close_to_clean_beach, no_evident_not_close_to_clean_beach"
57,good_location,"nice, walk, restaurants, no_evident_not_nice, no_evident_not_walk, no_evident_not_restaurants"
58,bad_location,"noise_issue, have_evident_noise_from_planes, each_support_is_paired_with_a_contrary_that_starts_with_have_evident_and_uses_the_same_word_as_the_original_text_noise"
58,good_location,"close_to_the_airport, no_evident_not_close_to_the_airport"
59,good_location,"close_to_airport, convenient_for_overnight_stay, no_evident_not_close_to_airport, no_evident_not_convenient_for_overnight_stay"
62,good_location,"near_airport, no_evident_not_near_airport, near_beach, no_evident_not_near_beach"
64,bad_location,"can_hear_noise_from_planes, located_in_small_side_street, close_to_airport, have_evident_can_hear_noise_from_planes, have_evident_located_in_small_side_street, have_evident_close_to_airport"
64,good_location,"close_to_airport_car_proximity_close_to_airport, no_evident_not_close_to_airport_car_proximity_no_evident_not_close_to_airport_car_proximity, close_to_airport_bus_proximity_close_to_airport, no_evident_not_close_to_airport_bus_proximity_no_evident_not_close_to_airport_bus_proximity"
65,good_location,"great, no_evident_not_great, easy, no_evident_not_easy"
66,good_location,"close_to_airport, fish_and_steak_restaurant, no_evident_not_close_to_airport, no_evident_not_fish_and_steak_restaurant"
71,bad_location,"no_shop, have_evident_no_shop, no_pharmacy, have_evident_no_pharmacy"
71,good_location,"near_airport, no_evident_not_near_airport, airport_reachable_in_a_few_minutes, no_evident_not_airport_reachable_in_a_few_minutes, mackenzie_beach_accessible_on_foot, no_evident_not_mackenzie_beach_accessible_on_foot"
74,good_location,"close_to_airport, no_evident_not_close_to_airport, close_to_beach, no_evident_not_close_to_beach, close_to_salt_lake, no_evident_not_close_to_salt_lake, plenty_parking, no_evident_not_plenty_parking"
76,good_location,"nearby, no_evident_not_nearby, each_support_is_paired_with_a_contrary_that_starts_with_no_evident_not_and_uses_the_same_word_from_the_support"
80,good_location,"mckenzie_beach, no_evident_not_mckenzie_beach, within_walking_distance, no_evident_not_within_walking_distance"
81,good_location,no_evident_not_close_to_airport
82,good_location,"great_location, no_evident_not_great_location, location, no_evident_not_location"
83,bad_location,"location, have_evident_located_in_small_side_street"
88,good_location,"location, airport, no_evident_not_location, no_evident_not_airport"
91,good_location,"close, no_evident_not_close"
93,good_location,"bus_stop, no_evident_not_bus_stop, walkable, no_evident_not_walkable"
95,good_location,"airport, clean_beach, no_evident_not_airport, no_evident_not_clean_beach"
98,good_location,"close_to_airport, no_evident_not_close_to_airport, close_to_clean_beach, no_evident_not_close_to_clean_beach"
102,good_location,"close_to_airport, no_evident_not_close_to_airport, close_to_makenzie_beach, no_evident_not_close_to_makenzie_beach, close_to_touristic_area, no_evident_not_close_to_touristic_area"
104,good_location,"quiet, no_evident_not_quiet"
106,good_location,"close_to_airport, no_evident_not_close_to_airport, note_the_original_text_does_not_explicitly_mention_proximity_to_an_airport_as_a_standalone_advantage_the_previous_response_may_have_included_this_based_on_context"
107,good_location,"convenient, no_evident_not_convenient, this_response_adheres_to_the_specified_conditions_using_short_words_without_adjectives_or_adverbs_for_supports, providing_exact_vocabulary_from_the_original_text, adding_a_contrary_for_each_support_with_no_evident_not, and_listing_all_supports_and_contraries_in_one_format"
109,good_location,"close_to_airport, no_evident_not_close_to_airport, clean_beach, no_evident_not_clean_beach"
111,good_location,"close_to_airport, no_evident_not_close_to_airport, very_clean_beach, no_evident_not_very_clean_beach"
114,good_location,"close_to_airport, no_evident_not_close_to_airport, close_to_clean_beach, no_evident_not_close_to_clean_beach, 10_minutes_from_airport_by_taxi, no_evident_not_10_minutes_from_airport_by_taxi, 15_minutes_from_airport_by_shuttle_bus, no_evident_not_15_minutes_from_airport_by_shuttle_bus, mckenzie_beach_is_close_by, no_evident_not_mckenzie_beach_is_close_by, food_restaurants_off_opposite_beach_were_only_a_ten_minute_walk, no_evident_not_food_restaurants_off_opposite_beach_were_only_a_ten_minute_walk"
115,good_location,"close_to_mackenzie_beach, close_to_airport, best_location_in_larnaca, no_evident_not_close_to_mackenzie_beach, no_evident_not_close_to_airport, no_evident_not_best_location_in_larnaca"
116,good_location,"clean, air_conditioned, close_to_airport, no_evident_not_clean, no_evident_not_air_conditioned, no_evident_not_close_to_airport"
117,good_location,"location_next_to_the_airport, great_for_flights_very_early_in_the_morning, only_takes_you_5_minutes_to_get_to_the_airport, no_evident_not_location_next_to_the_airport, no_evident_not_great_for_flights_very_early_in_the_morning, no_evident_not_only_takes_you_5_minutes_to_get_to_the_airport"
118,good_location,"close_to_airport, beach, no_evident_not_close_to_airport, no_evident_not_beach"
119,good_location,"airport, no_evident_not_airport, clean_beach, no_evident_not_clean_beach"
120,good_location,"close, no_evident_not_close"
123,bad_location,"noisy, have_evident_noisy"
123,good_location,"convenient, no_evident_not_convenient, close_to_airport, no_evident_not_close_to_airport"
125,good_location,"close_to_one_of_the_best_beaches_of_larnaca_region, perfectly_connect_by_public_transport_with_larnaca_city_centre, no_evident_not_close_to_one_of_the_best_beaches_of_larnaca_region, no_evident_not_perfectly_connect_by_public_transport_with_larnaca_city_centre"
126,bad_location,"bit_have_evident_bit, loud_have_evident_loud, outside_have_evident_outside"
128,good_location,"close_to_airport, no_evident_not_close_to_airport"
129,good_location,"close_to_makenzie, no_evident_not_close_to_makenzie"
131,bad_location,"a_bit_far, have_evident_not_a_bit_far, from_the_city_centre, have_evident_not_from_the_city_centre"
134,good_location,"close_to_beach, close_to_bars, no_evident_not_close_to_beach, no_evident_not_close_to_bars"
137,good_location,"great_location, no_evident_not_great_location, location, no_evident_not_location"
139,good_location,"proximity_to_airport, no_evident_not_proximity_to_airport"
140,good_location,"close_to_airport, no_evident_not_close_to_airport"
142,good_location,"near_mackenzie_beach, no_evident_not_near_mackenzie_beach"
143,good_location,"here_s_the_text_converted_into_assumption_based_argumentation_aba_format_based_on_your_conditions, close_to_airport, reason_the_location_is_close_to_the_airport, which_supports_the_claim_of_being_a_good_location, no_evident_not_close_to_airport, reason_there_is_no_evident_reason_why_the_location_should_not_be_close_to_the_airport, each_entry_adheres_to_your_specified_conditions, including_using_short_words_without_adjectives_or_adverbs_and_ensuring_that_each_contrary_starts_with_no_evident_not_followed_by_the_same_word_as_the_support"
145,good_location,"close_to_airport, no_evident_not_close_to_airport, close_to_5_min_walk, no_evident_not_close_to_5_min_walk, close_to_makenzie_blue_flag_beach, no_evident_not_close_to_makenzie_blue_flag_beach"
148,good_location,"airport, no_evident_not_airport"
149,good_location,"close_to_airport, clean_beach, no_evident_not_close_to_airport, no_evident_not_clean_beach"
152,good_location,"close_to_bars_near_sea, no_evident_not_close_to_bars_near_sea, close_to_airport, no_evident_not_close_to_airport"
153,good_location,"close_to_airport_after_late_flight, no_evident_not_close_to_airport_after_late_flight"
155,good_location,"near_airport, no_evident_not_near_airport"
156,good_location,"airport, clean_beach, no_evident_not_airport, no_evident_not_clean_beach"
157,good_location,"walkable_beach, no_evident_not_walkable_beach"
158,good_location,"close_to_airport, close_to_clean_beach, no_evident_not_close_to_airport, no_evident_not_close_to_clean_beach"
159,good_location,"close_to_airport, no_evident_not_close_to_airport, proximity_to_airport_derived_from_close_to_the_airport, no_evident_not_proximity_to_airport"
168,good_location,"close_to_airport, close_to_beach, close_to_restaurants, no_evident_not_close_to_airport, no_evident_not_close_to_beach, no_evident_not_close_to_restaurants"
169,good_location,"close_to_airport, no_evident_not_close_to_airport"
171,good_location,"close_to_salt_lake, close_to_mckenzie_beach, many_cafes_and_bars_nearby, no_evident_not_close_to_salt_lake, no_evident_not_close_to_mckenzie_beach, no_evident_not_many_cafes_and_bars_nearby"
177,good_location,"close_to_beach, close_to_airport, no_evident_not_close_to_beach, no_evident_not_close_to_airport"
179,good_location,"close_to_local_restaurants, close_to_beach, no_evident_not_close_to_local_restaurants, no_evident_not_close_to_beach"
182,good_location,"close_to_airport, very_clean_beach, no_evident_not_close_to_airport, no_evident_not_very_clean_beach"
183,good_location,"close_to_beach, no_evident_not_close_to_beach, this_provides_a_single_support_and_its_corresponding_contrary_based_on_the_given_text"
185,bad_location,"access_to_a_car, have_evident_access_to_a_car"
185,good_location,"close_to_airport, no_evident_not_close_to_airport, clean_beach, no_evident_not_clean_beach"
190,good_location,"close_to_airport, no_evident_not_close_to_airport, close_to_clean_beach, no_evident_not_close_to_clean_beach"
191,good_location,"close_to_airport, no_evident_not_close_to_airport, beside_the_airport, no_evident_not_beside_the_airport"
193,good_location,"excellent, no_evident_not_excellent, beach, no_evident_not_beach, airport_transfer, no_evident_not_airport_transfer"
195,bad_location,"not_too_close_to_the_beach, have_evident_not_too_close_to_the_beach"
195,good_location,"pre_airport_stays, no_evident_not_pre_airport_stays, post_airport_stays, no_evident_not_post_airport_stays"
197,good_location,"close_to_airport, close_to_mackenzy_beach_with_restaurants, no_evident_not_close_to_airport, no_evident_not_close_to_mackenzy_beach_with_restaurants"
199,good_location,"close_to_airport, very_clean_beach, 5_minute_walk_from_beach_restaurants_and_caf_s, no_evident_not_close_to_airport, no_evident_not_very_clean_beach, no_evident_not_5_minute_walk_from_beach_restaurants_and_caf_s"
202,good_location,"close_to_beach, great_restaurants, no_evident_not_close_to_beach, no_evident_not_great_restaurants"
204,good_location,"close_to_airport, clean_beach, no_evident_not_close_to_airport, no_evident_not_clean_beach"
206,good_location,"location, close_to_beach, no_evident_not_location, no_evident_not_close_to_beach"
208,good_location,"quiet, no_evident_not_quiet, easy_find, no_evident_not_easy_find"
210,good_location,"close_to_airport_no_evident_not_close_to_airport, very_clean_beach_no_evident_not_very_clean_beach"
211,bad_location,"half_an_hour, have_evident_half_an_hour, walking, have_evident_walking"
211,good_location,"close_to_airport, close_to_town, no_evident_not_close_to_airport, no_evident_not_close_to_town"
219,bad_location,"due_to_air_traffic, have_evident_due_to_air_traffic"
220,good_location,"close_to_airport, very_clean_beach, no_evident_not_close_to_airport, no_evident_not_very_clean_beach"
226,bad_location,"warm_fridge, have_evident_warm_fridge, lack_of_nearby_shop, have_evident_lack_of_nearby_shop"
227,good_location,"close_to_airport, no_evident_not_close_to_airport, close_to_clean_beach, no_evident_not_close_to_clean_beach"
228,good_location,"convenience, quietness, no_evident_not_convenience, no_evident_not_quietness"
231,good_location,"located_in_a_advantageous_position, no_evident_not_located_in_a_advantageous_position"
232,good_location,"close_to_airport, no_evident_not_close_to_airport"
233,bad_location,"far, have_evident_far, everything_we_need_in_the_cafe, have_evident_everything_we_need_in_the_cafe"
234,good_location,"bars, no_evident_not_bars, restaurants, no_evident_not_restaurants, beach, no_evident_not_beach"
235,good_location,"close_to_airport, clean_beach, no_evident_not_close_to_airport, no_evident_not_clean_beach"
236,good_location,"close_to_bus_route_from_about_100m_from_the_425_bus_route, no_evident_not_close_to_bus_route, runs_to_airport_from_runs_to_the_airport, no_evident_not_runs_to_airport"
238,good_location,"close_to_airport, no_evident_not_close_to_airport"
239,good_location,"close_to_sea, no_evident_not_close_to_sea"
240,good_location,"nice, no_evident_not_nice, close, no_evident_not_close, very_nice_split_into_two_parts_for_each_location_aspect, no_evident_not_nice_for_beach_proximity, no_evident_not_nice_for_restaurant_proximity, close_split_into_two_parts_for_each_location_aspect, no_evident_not_close_for_beach_proximity, no_evident_not_close_for_restaurant_proximity"
241,good_location,"close_to_airport, no_evident_not_close_to_airport, close_to_luxurious_beach_strip_with_restaurants, no_evident_not_close_to_luxurious_beach_strip_with_restaurants"
243,good_location,"near_beach, near_restaurants, no_evident_not_near_beach, no_evident_not_near_restaurants"
246,bad_location,"located_in_small_side_street, have_evident_located_in_small_side_street, amongst_several_apartment_buildings_on_a_small_side_street, have_evident_amongst_several_apartment_buildings_on_a_small_side_street"
246,good_location,"near_airport, no_evident_not_near_airport, about_10_minutes_from_airport, no_evident_not_about_10_minutes_from_airport"
250,good_location,"walk_to_beach, no_evident_not_walk_to_beach, walk_to_restaurants, no_evident_not_walk_to_restaurants"
253,good_location,"close_to_airport, clean_beach, no_evident_not_close_to_airport, no_evident_not_clean_beach"
254,good_location,"close_to_airport, no_evident_not_close_to_airport"
255,good_location,"cozy, modern, clean, no_evident_not_cozy, no_evident_not_modern, no_evident_not_clean"
257,good_location,"location, quiet, no_evident_not_location, no_evident_not_quiet"
259,good_location,"excellent_location_no_evident_not_excellent_location, near_airport_no_evident_not_near_airport, easy_drive_into_larnaca_no_evident_not_easy_drive_into_larnaca"
260,good_location,"close_to_mackenzie_beach, no_evident_not_close_to_mackenzie_beach, distance_to_downtown_3_km, distance_to_downtown, no_evident_not_distance_to_downtown, nice_promenade_nearby, nice_promenade, no_evident_not_nice_promenade"
262,good_location,"close_to_airport, close_to_clean_beach, no_evident_not_close_to_airport, no_evident_not_close_to_clean_beach"
268,good_location,"easy_walk, short_journey, no_evident_not_easy_walk, no_evident_not_short_journey"
271,good_location,"location_is_close, no_evident_not_location_is_close, beach_is_near, no_evident_not_beach_is_near, restaurants_are_near, no_evident_not_restaurants_are_near, public_bus_station_is_near_hotel, no_evident_not_public_bus_station_is_near_hotel, airport_is_close, no_evident_not_airport_is_close"
272,good_location,"close_to_mackenzie_beach, no_evident_not_close_to_mackenzie_beach, very_close_to_center, no_evident_not_very_close_to_center"
276,good_location,"close_to_airport, no_evident_not_close_to_airport, very_clean_beach, no_evident_not_very_clean_beach"
278,good_location,"close_to_airport, no_evident_not_close_to_airport, close_to_clean_beach, no_evident_not_close_to_clean_beach, easy, no_evident_not_easy"
279,good_location,"close_to_residential_area, close_to_modern_hotel, no_evident_not_close_to_residential_area, no_evident_not_close_to_modern_hotel"
280,bad_location,"not_inspiring, have_evident_not_inspiring, lovely_restaurants, have_evident_lovely_restaurants, sea_front, have_evident_sea_front, handy_for_limassol, have_evident_handy_for_limassol, handy_for_airport, have_evident_handy_for_airport"
280,good_location,"close_to_very_close, close_to_sea_front, handy_for_limassol_and_airport, no_evident_not_close_to_very_close, no_evident_not_close_to_sea_front, no_evident_not_handy_for_limassol_and_airport"
281,good_location,"airport, no_evident_not_airport, restaurants, no_evident_not_restaurants"
282,good_location,"close_to_beach, quiet_place, no_evident_not_close_to_beach, no_evident_not_quiet_place"
284,good_location,"close_to_delicious, close_to_fun, close_to_close, no_evident_not_delicious, no_evident_not_fun, no_evident_not_close"
286,good_location,"close_to_airport, clean_beach, no_evident_not_close_to_airport, no_evident_not_clean_beach"
288,bad_location,"located_in_small_side_street, have_evident_located_in_small_side_street, distant_from_city_center, have_evident_distant_from_city_center"
288,good_location,"close_to_airport, no_evident_not_close_to_airport, distant_from_city_center, no_evident_not_distant_from_city_center, close_to_salt_lake, no_evident_not_close_to_salt_lake"
289,good_location,"close_to_airport, no_evident_not_close_to_airport, madezie_beach_area, no_evident_not_makenzie_beach_area"
290,good_location,"good_value, no_evident_not_good_value, location, no_evident_not_location"
291,good_location,no_evident_not_close_to_airport
292,good_location,"close_to_airport, close_to_clean_beach, no_evident_not_close_to_airport, no_evident_not_close_to_clean_beach"
295,good_location,"close_to_center, quiet_area, no_evident_not_close_to_center, no_evident_not_quiet_area"
298,good_location,"bus_425, close_to_airport, no_evident_not_bus_425, no_evident_not_close_to_airport"
299,good_location,"convenient, no_evident_not_convenient, easy, no_evident_not_easy, catch, no_evident_not_catch, public_transportation, no_evident_not_public_transportation, around, no_evident_not_around, center, no_evident_not_center"
300,good_location,"close_to_airport, no_evident_not_close_to_airport, close_to_bus_station, no_evident_not_close_to_bus_station, close_to_beach, no_evident_not_close_to_beach, close_to_restaurants, no_evident_not_close_to_restaurants"
301,good_location,"quiet, no_evident_not_quiet"
304,good_location,"on_foot, close_to_bus_station, has_many_restaurants, has_many_bars, has_many_shops, no_evident_not_on_foot, no_evident_not_close_to_bus_station, no_evident_not_has_many_restaurants, no_evident_not_has_many_bars, no_evident_not_has_many_shops"
307,good_location,"close_to_airport, no_evident_not_close_to_airport, clean_beach, no_evident_not_clean_beach"
310,good_location,"close_proximity_to_larnaca_airport, close, no_evident_not_close, close_to_mckenzie_beach_with_lots_of_restaurants_for_dinner, lots_of_restaurants, no_evident_not_lots_of_restaurants"
312,good_location,"close_to_airport, no_evident_not_close_to_airport, five_minute_walk, no_evident_not_five_minute_walk"
313,good_location,"quiet_street, sufficient_parking_facilities, no_evident_not_quiet_street, no_evident_not_sufficient_parking_facilities"
314,good_location,"in_5_minutes_from_airport, no_evident_not_in_5_minutes_from_airport"
316,good_location,"close_to_airport, no_evident_not_close_to_airport, clean_beach, no_evident_not_clean_beach"
318,good_location,"close_to_larnaca_airport, close_to_beach_and_restaurants, no_evident_not_close_to_larnaca_airport, no_evident_not_close_to_beach_and_restaurants"
322,bad_location,"small, have_evident_small, not_much_else_nearby, have_evident_not_much_else_nearby"
322,good_location,"walk, no_evident_not_walk, pleasant, no_evident_not_pleasant"
323,good_location,"close_to_airport, very_clean_beach, no_evident_not_close_to_airport, no_evident_not_very_clean_beach"
324,good_location,"has_morning_flight, close_to_airport_in_7_min, no_evident_not_has_morning_flight, no_evident_not_close_to_airport_in_7_min"
325,bad_location,"has_smell_from_lake, have_evident_has_smell_from_lake, doesn_t_depend_on_hotel, have_evident_doesn_t_depend_on_hotel"
325,good_location,"near, no_evident_not_near, quick_walk, no_evident_not_quick_walk"
327,good_location,"close_to_larnaca_airport, no_evident_not_close_to_larnaca_airport, clean_beach, no_evident_not_clean_beach"
328,bad_location,"located_in_small_side_street, have_evident_located_in_small_side_street"
328,good_location,"very_close, no_evident_not_very_close, only_away, no_evident_not_only_away"
329,good_location,"quiet, no_evident_not_quiet"
332,good_location,"close_to_cafe_nero, no_evident_not_close_to_cafe_nero, high_quality, no_evident_not_high_quality"
334,good_location,"close_to_airport, no_evident_not_close_to_airport, close_to_clean_beach, no_evident_not_close_to_clean_beach"
338,good_location,"close_to_airport, close_to_clean_beach, walk_distance_to_beach, walk_distance_to_restaurants, walk_distance_to_shops, away_from_traffic, no_evident_not_close_to_airport, no_evident_not_close_to_clean_beach, no_evident_not_walk_distance_to_beach, no_evident_not_walk_distance_to_restaurants, no_evident_not_walk_distance_to_shops, no_evident_not_away_from_traffic"
340,bad_location,"located_in_far_than_most_hotels, have_evident_located_in_far_than_most_hotels, area_is_good_for_water_sports_and_quiet_beaches, have_evident_area_is_good_for_water_sports_and_quiet_beaches"
344,good_location,"close_to_beach, no_evident_not_close_to_beach"
347,good_location,"near_10_minutes_walk_from_beach, no_evident_not_near_10_minutes_walk_from_beach, loads_of_restaurants, no_evident_not_loads_of_restaurants"
348,bad_location,"i_do_not_find_aircraft_noise_bothersome, the_noise_from_aircraft_landing_and_takeoff_can_be_an_issue_for_those_with_young_families_or_those_seeking_a_quiet_environment, have_evident_aircraft_noise_can_be_bothersome, have_evident_the_noise_from_aircraft_landing_and_takeoff_is_not_an_issue_for_everyone"
349,bad_location,"located_in_a_small_side_street_have_evident_located_in_a_small_side_street, pretty_far_from_major_tourist_spots_have_evident_pretty_far_from_major_tourist_spots"
349,good_location,"near_bus_stop, no_evident_not_near_bus_stop"
350,good_location,"close_to_airport, no_evident_not_close_to_airport, 6_mins_drive, no_evident_not_6_mins_drive"
351,good_location,"close_to_mackenzie_beach, close_to_bars, no_evident_not_close_to_mackenzie_beach, no_evident_not_close_to_bars"
353,bad_location,"surprised, have_evident_surprised, far, have_evident_far"
353,good_location,"near_airport, no_evident_not_near_airport"
355,good_location,"early_flight_from_larnaca_airport, no_evident_not_early_flight_from_larnaca_airport, close_to_beach_strip_with_restaurants, no_evident_not_close_to_beach_strip_with_restaurants"
358,good_location,"close_to_airport, no_evident_not_close_to_airport"
361,good_location,"near, makanzie_beach, no_evident_not_near, no_evident_not_makanzie_beach"
364,good_location,"close_to_airport, no_evident_not_close_to_airport, close_to_clean_beach, no_evident_not_close_to_clean_beach, loads_of_bars_and_restaurants, no_evident_not_loads_of_bars_and_restaurants, close_to_5_mins_walk_away, no_evident_not_close_to_5_mins_walk_away"
367,good_location,"close_to_airport, no_evident_not_close_to_airport, close_to_clean_beach, no_evident_not_close_to_clean_beach"
368,good_location,"perfect_location, no_evident_not_perfect_location"
370,good_location,"close_to_airport, close_to_clean_beach, no_evident_not_close_to_airport, no_evident_not_close_to_clean_beach"
372,good_location,"close_to_airport_15_minutes_drive_from_the_airport, close_to_city_center_15_walk_to_the_city_center, close_to_nice_beach_about_300_meters_to_the_nice_beach, no_evident_not_close_to_airport, no_evident_not_close_to_city_center, no_evident_not_close_to_nice_beach"
373,good_location,"airport, reason_couple_of_nights, no_evident_not_airport"
374,good_location,"close_to_airport, no_evident_not_close_to_airport, very_clean_beach, no_evident_not_very_clean_beach"
376,good_location,"close_to_beach, no_evident_not_close_to_beach"
377,good_location,"close_to_beach, no_evident_not_close_to_beach, near_airport, no_evident_not_near_airport, near_bus_station, no_evident_not_near_bus_station"
380,good_location,"close_to_airport, no_evident_not_close_to_airport, close_to_beaches, no_evident_not_close_to_beaches, close_to_entertainment, no_evident_not_close_to_entertainment"
381,good_location,"excellent_location, walking_distance_to_beach, close_to_airport, no_evident_not_excellent_location, no_evident_not_walking_distance_to_beach, no_evident_not_close_to_airport"
382,good_location,"close_to_airport, no_evident_not_close_to_airport, 7_minute_walking_distance, no_evident_not_7_minute_walking_distance"
388,good_location,"location_near_airport, no_evident_not_location_near_airport, location_at_beach, no_evident_not_location_at_beach"
389,good_location,"close_to_airport, clean_beach, no_evident_not_close_to_airport, no_evident_not_clean_beach"
391,bad_location,"close_surroundings_are_not_exciting, have_evident_close_surroundings_are_not_exciting, close_surroundings_are_not_clean, have_evident_close_surroundings_are_not_clean"
391,good_location,"close_to_mackenzie_beach, no_evident_not_close_to_mackenzie_beach"
392,good_location,"close_to_airport, no_evident_not_close_to_airport, clean_beach, no_evident_not_clean_beach"
394,good_location,"close_to_airport, no_evident_not_close_to_airport, very_clean_beach, no_evident_not_very_clean_beach, 7_minutes_walk_from_beach_restaurants_and_supermarket, no_evident_not_7_minutes_walk_from_beach_restaurants_and_supermarket, airport_10_mins_by_taxi, no_evident_not_airport_10_mins_by_taxi, larnaca_centre_10_mins_by_bus_or_about_30_mins_walking, no_evident_not_larnaca_centre_10_mins_by_bus_or_about_30_mins_walking"
398,good_location,"walk, beach_bars, airport, no_evident_not_walk, no_evident_not_beach_bars, no_evident_not_airport"
402,good_location,"close_to_mackenzie_beach, short_distance, no_evident_not_close_to_mackenzie_beach, no_evident_not_short_distance"
406,good_location,"close_to_makkenzy_beach, no_evident_not_close_to_makkenzy_beach"
407,good_location,"close_to_airport, no_evident_not_close_to_airport, clean_beach, no_evident_not_clean_beach"
410,good_location,"being_close_to_the_airport_in_larnaka_makes_traveling_easier, being_right_next_to_the_salt_lake_is_a_must_see_especially_if_there_is_a_good_sunset, within_a_10_minute_walk_you_can_be_on_mackenzie_beach_which_is_well_maintained_and_cleaner_than_other_beaches_we_seen_in_larnaka, the_hotel_is_next_to_a_bus_stop_for_travelling_between_downtown_and_other_locations, very_handy_since_we_didn_t_hire_a_car, no_evident_not_being_close_to_the_airport_in_larnaka_makes_traveling_harder, no_evident_not_being_right_next_to_the_salt_lake_is_not_a_must_see_especially_if_there_is_no_good_sunset, no_evident_not_within_a_10_minute_walk_you_can_t_be_on_mackenzie_beach_which_is_well_maintained_and_cleaner_than_other_beaches_we_seen_in_larnaka, no_evident_not_the_hotel_is_not_next_to_a_bus_stop_for_travelling_between_downtown_and_other_locations, no_evident_not_very_handy_since_we_didn_t_hire_a_car_isn_t_not_handy_since_we_didn_t_hire_a_car"
415,good_location,"close_to_mackenzie_beach, has_restaurants_and_lounges, no_evident_not_close_to_mackenzie_beach, no_evident_not_has_restaurants_and_lounges"
417,good_location,"close_to_airport, close_to_clean_beach, no_evident_not_close_to_airport, no_evident_not_close_to_clean_beach"
419,good_location,"close_to_airport, no_evident_not_close_to_airport, clean_beach, no_evident_not_clean_beach"
420,bad_location,"a_little_bit_far, have_evident_a_little_bit_far"
421,good_location,"caf_s, no_evident_not_caf_s, restaurants, no_evident_not_restaurants, nightlife, no_evident_not_nightlife"
422,good_location,"close_to_city, accessible_by_any_transportation, no_evident_not_close_to_city, no_evident_not_accessible_by_any_transportation"
423,good_location,"close_to_airport, no_evident_not_close_to_airport, very_clean_beach, no_evident_not_very_clean_beach"
424,good_location,"close_to_jogging_trails, no_evident_not_close_to_jogging_trails, close_to_airport, no_evident_not_close_to_airport"
425,good_location,"accessibility, no_evident_not_accessibility"
426,bad_location,"2_times_noise_in_week_4_a_m, have_evident_2_times_noise_in_week_4_a_m"
427,bad_location,"and_counterarguments, located_not_on_beach_front, counterargument_for_support_1_have_evident_located_not_on_beach_front"
429,good_location,"quiet, location, no_evident_not_quiet, no_evident_not_location"
431,bad_location,"small, have_evident_small, nothing, have_evident_nothing"
431,good_location,"close_to_bus_stop, no_evident_not_close_to_bus_stop, close_to_town, no_evident_not_close_to_town"
432,good_location,"close_to_airport, no_evident_not_close_to_airport, close_to_clean_beach, no_evident_not_close_to_clean_beach, short_walk_to_mckenzie_beach, no_evident_not_short_walk_to_mckenzie_beach"
434,good_location,"near_airport, no_evident_not_near_airport"
435,good_location,"close_to_airport, no_evident_not_close_to_airport"
436,good_location,"close_to_airport, close_to_clean_beach, good_transit_for_short_stay, no_evident_not_close_to_airport, no_evident_not_close_to_clean_beach, no_evident_not_good_transit_for_short_stay"
438,good_location,"close_to_larnaka_airport, very_close_to_larnaka_airport, no_evident_not_close_to_larnaka_airport, no_evident_not_very_close_to_larnaka_airport"
439,good_location,"close_to_city_centre, close_to_airport, no_evident_not_close_to_city_centre, no_evident_not_close_to_airport"
441,bad_location,"have_evident_bad_location, internet_issues_due_to_location, have_evident_internet_issues_due_to_location, far_from_the_center_location, have_evident_far_from_the_center_location"
441,good_location,"quite, no_evident_not_quite"
442,bad_location,"location, have_evident_location, hard, have_hard_to_find"
445,good_location,"next_to_airport, no_evident_not_next_to_airport"
448,good_location,"close_to_airport, close_to_clean_beach, no_evident_not_close_to_airport, no_evident_not_close_to_clean_beach"
449,good_location,no_evident_not_close_to_airport
451,good_location,"close_from_airport, close_to_famous_makenzie_beach, no_evident_not_close_from_airport, no_evident_not_close_to_famous_makenzie_beach"
452,good_location,"close_to_airport, very_quiet_neighborhood, no_evident_not_close_to_airport, no_evident_not_very_quiet_neighborhood"
453,good_location,"close_to_airport, clean_beach, no_evident_not_close_to_airport, no_evident_not_clean_beach"
454,bad_location,"surprised_at_location, have_evident_not_surprising_at_location, very_noisy_neighborhood, have_evident_neighborhood_isn_t_noisy, each_support_and_its_corresponding_contrary_are_listed_together_in_a_single_list_without_separate_sections_for_supports_and_contraries_assumptions_or_additional_claims_are_omitted_as_per_your_instructions"
455,bad_location,"the_location_was_not_great, have_evident_bad_location, have_evident_the_location_was_actually_good, located_in_front_of_a_pension_and_so_close_that_people_could_see_the_colour_of_my_underwear, it_s_in_front_of_a_pension_and_so_close_that_people_could_see_the_colour_of_my_underwear, have_evident_located_in_front_of_a_pension_and_so_close_that_people_could_see_the_colour_of_my_underwear, have_evident_it_s_not_actually_in_front_of_a_pension_or_too_close_for_people_to_see_the_colour_of_my_underwear"
456,good_location,"convenient_by_taxi_to_city_center, no_evident_not_convenient_by_taxi_to_city_center, convenient_by_taxi_to_airport, no_evident_not_convenient_by_taxi_to_airport, convenient_by_taxi_to_beach, no_evident_not_convenient_by_taxi_to_beach"
457,good_location,"quiet, no_evident_not_quiet, close_to_airport, no_evident_not_close_to_airport"
459,bad_location,"garbage_truck_passes_at_3_am, incredible_noise, have_evident_garbage_truck_passes_at_3_am, have_evident_incredible_noise"
460,good_location,"no_evident_not_good_location, location, no_evident_not_location"
462,good_location,"excellent, location, no_evident_not_excellent, no_evident_not_location"
465,good_location,"calm, no_evident_not_calm, close_to_the_beach, no_evident_not_close_to_the_beach, many_restaurants, no_evident_not_many_restaurants, many_coffee_shops, no_evident_not_many_coffee_shops, very_close, no_evident_not_very_close"
466,good_location,"close_to_airport, no_evident_not_close_to_airport, nice_place_to_stay, no_evident_not_nice_place_to_stay"
471,bad_location,"a_little_way, have_evident_a_little_way, main_town, have_evident_main_town"
471,good_location,"very_close, no_evident_not_very_close, close_to_beach, no_evident_not_close_to_beach"
479,good_location,"close_to_airport, close_to_beach, no_evident_not_close_to_airport, no_evident_not_close_to_beach"
483,good_location,"close_to_airport, close_to_clean_beach, no_evident_not_close_to_airport, no_evident_not_close_to_clean_beach"
484,bad_location,"location, have_evident_location, small_side_street, have_evident_small_side_street, far_from_town, have_evident_far_from_town"
484,good_location,"close_to_airport, convenient, no_evident_not_close_to_airport, no_evident_not_convenient"
489,good_location,"close_to_airport, airport_10_minutes_by_bus, close_to_clean_beach, no_evident_not_close_to_airport, no_evident_not_airport_10_minutes_by_bus, no_evident_not_close_to_clean_beach"
490,good_location,"close_to_airport, no_evident_not_close_to_airport, clean_beach, no_evident_not_clean_beach"
491,good_location,"close_to_airport, no_evident_not_close_to_airport"
492,bad_location,"heavy_use_of_tiling, have_evident_no_control_over_tiling, steadily_stream_of_travelers, have_evident_no_control_over_traveler_flow"
492,good_location,"close_to_airport, no_evident_not_close_to_airport, ideal_for_late_arrival_or_very_early_departure, no_evident_not_ideal_for_late_arrival_or_very_early_departure"
494,good_location,"close_to_airport, no_evident_not_close_to_airport"
495,good_location,"clean_location, close_to_the_beach_and_close_to_the_field, intimate_and_quiet_location, no_evident_not_clean_location, no_evident_not_close_to_the_beach_and_close_to_the_field, no_evident_not_intimate_and_quiet_location"
496,good_location,"close_to_airport, clean_beach, no_evident_not_close_to_airport, no_evident_not_clean_beach"
497,good_location,"close_to_airport, no_evident_not_close_to_airport, close_to_restaurants_and_snacks, no_evident_not_close_to_restaurants_and_snacks, close_to_clean_beach, no_evident_not_close_to_clean_beach"
498,bad_location,"close, have_evident_close, not_so_easy_with_the_bus, have_evident_not_so_easy_with_the_bus"
498,good_location,"close, no_evident_not_close"
499,good_location,"close_to_larnaca_airport, no_evident_not_close_to_larnaca_airport"
500,bad_location,"located_in_small_side_street, have_evident_located_in_small_side_street, located_in_alleys, have_evident_located_in_alleys, google_maps_goes_crazy, have_evident_google_maps_goes_crazy"
500,good_location,"close_to_central, no_evident_not_close_to_central, central, no_evident_not_central"
501,good_location,"close_to_airport, no_evident_not_close_to_airport, close_to_clean_beach, no_evident_not_close_to_clean_beach, and_close_to_airport, no_evident_not_and_close_to_airport"
503,bad_location,"unfriendly, have_evident_unfriendly, construction, have_evident_construction, bumpy, have_evident_bumpy"
503,good_location,"close_to_the_field, no_evident_not_close_to_the_field"
505,good_location,"close_to_city_center, close_to_airport, close_to_sea, no_evident_not_close_to_city_center, no_evident_not_close_to_airport, no_evident_not_close_to_sea"
510,good_location,"close_to_airport, no_evident_not_close_to_airport, clean_beach, no_evident_not_clean_beach"
513,good_location,"close_to_airport, no_evident_not_close_to_airport, easy_to_get_to, no_evident_not_easy_to_get_to, short_distance_from_promenade, no_evident_not_short_distance_from_promenade, nice_restaurants_on_beach, no_evident_not_nice_restaurants_on_beach"
515,good_location,"close_to_lake, close_to_beach, no_evident_not_close_to_lake, no_evident_not_close_to_beach"
518,good_location,"close_to_airport, no_evident_not_close_to_airport, clean_beach, no_evident_not_clean_beach"
519,good_location,"close_to_mackenzie_beach, no_evident_not_close_to_mackenzie_beach"
527,good_location,"near_larnaca_airport, mckenzie_beach, no_evident_not_near_larnaca_airport, no_evident_not_mckenzie_beach"
528,good_location,"near_airport, clean_beach, no_evident_not_near_airport, no_evident_not_clean_beach"
530,good_location,"easy_location, quiet_place, no_evident_not_easy_location, no_evident_not_quiet_place"
531,good_location,"close_to_airport, promenade_by_the_sea, no_evident_not_close_to_airport, no_evident_not_promenade_by_the_sea"
532,good_location,"here_s_the_text_converted_into_assumption_based_argumentation_aba_format_based_on_your_instructions, close_to_airport, no_evident_not_close_to_airport"
535,good_location,"close_to_airport, walk_from_larnaca_center, beautiful_mackenzie_beach, no_evident_not_close_to_airport, no_evident_not_walk_from_larnaca_center, no_evident_not_beautiful_mackenzie_beach"
536,good_location,"close_to_the_beach, no_evident_not_close_to_the_beach, gastronomy, no_evident_not_gastronomy, the_airport, no_evident_not_the_airport"
538,good_location,"close_to_airport, no_evident_not_close_to_airport, easily_accessible_by_taxi, no_evident_not_easily_accessible_by_taxi, there_is_also_a_bus_route_nearby, no_evident_not_there_is_also_a_bus_route_nearby"
540,good_location,"close_to_the_beach, close_to_the_airport, no_evident_not_close_to_the_beach, no_evident_not_close_to_the_airport"
541,good_location,"close_to_airport, close_to_mackenzie_beach, no_evident_not_close_to_airport, no_evident_not_close_to_mackenzie_beach"
542,good_location,"close_to_airport, has_restaurants_and_cafes_within_walking_distance, close_to_beach, statements, no_evident_not_close_to_airport, no_evident_not_has_restaurants_and_cafes_within_walking_distance, no_evident_not_close_to_beach"
546,good_location,"close_to_airport, no_evident_not_close_to_airport, very_clean_beach, no_evident_not_very_clean_beach, walking_distance_to_mackenzie_beach, no_evident_not_walking_distance_to_mackenzie_beach, walking_distance_to_salt_lake, no_evident_not_walking_distance_to_salt_lake"
547,good_location,"close_to_airport, no_evident_not_close_to_airport"
549,good_location,"close_to_airport, clean_beach, no_evident_not_close_to_airport, no_evident_not_clean_beach"
551,good_location,"close_to_famous_beach, for_each_support, no_evident_not_close_to_famous_beach"
552,good_location,"close_to_larnaca_airport, no_evident_not_close_to_larnaca_airport"
554,good_location,"close_to_airport_for_early_departure_or_late_arrival, close_to_beach_and_its_entertainment, no_evident_not_close_to_airport_for_early_departure_or_late_arrival, no_evident_not_close_to_beach_and_its_entertainment, very_quiet"
555,good_location,"close_to_larnaca_airport, no_evident_not_close_to_larnaca_airport, less_than_10_minutes, no_evident_not_less_than_10_minutes"
556,good_location,"close_to_airport, close_to_early_morning_flight, no_evident_not_close_to_airport, no_evident_not_close_to_early_morning_flight, close_to_clean_beach, has_shuttle_to_field, no_evident_not_close_to_clean_beach, no_evident_not_has_shuttle_to_field"
560,good_location,"close_to_airport, no_evident_not_close_to_airport, good_for_overnight_stay, no_evident_not_good_for_overnight_stay, able_to_handle_late_or_early_flights, no_evident_not_able_to_handle_late_or_early_flights"
562,good_location,"close_to_larnaca_airport, no_evident_not_close_to_larnaca_airport, convenient, no_evident_not_convenient"
565,good_location,"close_to_airport, no_evident_not_close_to_airport, near_mackenzie_beach, no_evident_not_near_mackenzie_beach"
566,good_location,"close_to_airport, no_evident_not_close_to_airport"
569,good_location,"close_to_airport, no_evident_not_close_to_airport, close_to_boardwalk_and_airport, no_evident_not_close_to_boardwalk_and_airport, close_to_clean_beach, no_evident_not_close_to_clean_beach"
571,good_location,"close_to_clean_beach, no_evident_not_close_to_clean_beach, close_to_the_beach, no_evident_not_close_to_the_beach"
579,good_location,"close_to_airport, no_evident_not_close_to_airport, about_10_minutes_drive, no_evident_not_about_10_minutes_drive"
586,good_location,"close_to_airport, convenient_for_short_stay, near_sea, promenade, excellent_restaurants, no_evident_not_close_to_airport, no_evident_not_convenient_for_short_stay, no_evident_not_near_sea, no_evident_not_promenade, no_evident_not_excellent_restaurants"
587,good_location,"close_to_airport, no_evident_not_close_to_airport, beach, no_evident_not_beach"
588,good_location,"close_to_everything, no_evident_not_close_to_everything"
589,bad_location,"works_next_door, have_evident_works_next_door, have_evident_do_not_work_next_door"
589,good_location,"distance_from_airport, no_evident_not_distance_from_airport"
590,good_location,"close_to_airport, close_to_clean_beach, no_evident_not_close_to_airport, no_evident_not_close_to_clean_beach"
594,bad_location,"noisy_at_night, have_evident_noisy_at_night, close_to_the_airport, have_evident_close_to_the_airport, does_not_apply_to_the_hotel, have_evident_does_not_apply_to_the_hotel"
596,bad_location,"noisy, have_evident_noisy"
597,good_location,"close_to_sea, no_evident_not_close_to_sea, close_to_via_dei_premise, no_evident_not_close_to_via_dei_premise, within_20_minutes_of_historical_center, no_evident_not_within_20_minutes_of_historical_center"
599,bad_location,"noise_from_nightclub, have_evident_noise"
599,good_location,"near, no_evident_not_near"
602,good_location,"close_to_airport, no_evident_not_close_to_airport, very_clean_beach, no_evident_not_very_clean_beach"
607,good_location,"close_to_beach_and_airport, no_evident_not_close_to_beach_and_airport, lots_of_restaurants_nearby, no_evident_not_lots_of_restaurants_nearby, relatively_quiet_location, no_evident_not_relatively_quiet_location"
610,good_location,"assumption_based_argumentation_aba_format, assumption, close_to_airport, close_to_beach, no_evident_not_close_to_airport, no_evident_not_close_to_beach, no_evident_not_additional_assumptions, no_evident_not_hotel_quiet"
611,good_location,"close_to_city_center, no_evident_not_close_to_city_center, close_to_beach, no_evident_not_close_to_beach"
612,bad_location,"small, have_evident_small, side, have_evident_side"
612,good_location,"close_to_airport, no_evident_not_close_to_airport, 6_minutes_by_car, no_evident_not_6_minutes_by_car"
614,good_location,"near_airport, short_commute, no_evident_not_near_airport, no_evident_not_short_commute"
616,good_location,"easy_to_reach, no_evident_not_easy, not_too_close, no_evident_not_not_too_close"
617,good_location,"central_location, no_evident_not_central_location, no_evident_not_good_location"
618,bad_location,"garbage_truck_at_3am_making_a_lot_of_noise, have_evident_garbage_truck_at_3am_making_a_lot_of_noise"
619,good_location,"well_located_for_the_airport, well_located_for_larnaca_salt_lake, no_evident_not_well_located_for_the_airport, no_evident_not_well_located_for_larnaca_salt_lake"
620,good_location,"hotel, near_airport, walkable, no_evident_not_hotel, no_evident_not_near_airport, no_evident_not_walkable"
623,bad_location,"night_traffic, in_the_area, have_evident_night_traffic, have_evident_in_the_area"
623,good_location,"close_to_airport, no_evident_not_close_to_airport, close_to_beach, no_evident_not_close_to_beach"
625,good_location,"good_for_airport, good_for_beach, no_evident_not_good_for_airport, no_evident_not_good_for_beach"
627,bad_location,"small_side_street_have_evident_located_in_small_side_street, side_street_have_evident_located_in_small_side_street, far_from_city_center_have_evident_located_in_small_side_street"
627,good_location,"close_to_taxis, reasoning_the_text_mentions_taxis_costing_the_same_price_from_anywhere_in_the_city, which_implies_accessibility_or_convenience, indirectly_relating_to_location_benefits, no_evident_not_close_to_taxis, reasoning_this_directly_contradicts_the_support_by_stating_that_there_is_no_evidence_of_being_close_to_taxis, same_price_from_anywhere, reasoning_the_text_states_that_taxis_cost_the_same_price_from_anywhere_in_the_city, indicating_uniformity_and_convenience, which_can_be_associated_with_location_quality, no_evident_not_same_price_from_anywhere, reasoning_this_directly_contradicts_the_support_by_stating_that_there_is_no_evidence_of_prices_varying_or_not_being_accessible_from_any_location, this_response_adheres_to_your_specified_conditions_and_format, ensuring_all_elements_are_included_as_per_the_instructions"
628,good_location,"close_to_airport, no_evident_not_close_to_airport, close_to_city_center, no_evident_not_close_to_city_center"
632,good_location,"close_to_airport, very_clean_beach, no_evident_not_close_to_airport, no_evident_not_very_clean_beach"
633,good_location,"close_to_airport, no_evident_not_close_to_airport, very_clean_beach, no_evident_not_very_clean_beach"
635,good_location,"close_to_airport, no_evident_not_close_to_airport, close_to_clean_beach, no_evident_not_close_to_clean_beach"
636,good_location,"suited_for_one_night_stay, before_flight, no_evident_not_suited_for_one_night_stay, no_evident_not_before_flight"
637,good_location,"close_to_airport, no_evident_not_close_to_airport, clean_beach, no_evident_not_clean_beach"
639,good_location,"close_to_beach, no_evident_not_close_to_beach, found_starfish, no_evident_not_found_starfish"
641,good_location,"quiet, no_evident_not_quiet, peaceful, no_evident_not_peaceful"
642,good_location,"close_to_airport, no_evident_not_close_to_airport"
644,good_location,"near_airport, no_evident_not_near_airport"
646,good_location,"close_to_salt_lake_and_mackenzie_beach, close_to_bus_stop, close_to_airport, promenade_access, beach_access_via_promenade, no_evident_not_close_to_salt_lake_and_mackenzie_beach, no_evident_not_close_to_bus_stop, no_evident_not_close_to_airport, no_evident_not_promenade_access, no_evident_not_beach_access_via_promenade"
649,good_location,"near_airport, clean_beach, no_evident_not_near_airport, no_evident_not_clean_beach"
650,good_location,"and_contrarys, close_to_the_airport_support, no_evident_not_close_to_airport_contrary, walking_distance_to_the_beach_support, no_evident_not_walking_distance_to_the_beach_contrary"
652,good_location,"close_to_airport, close_to_clean_beach, no_evident_not_close_to_airport, no_evident_not_close_to_clean_beach"
653,good_location,"close_to_airport, no_evident_not_close_to_airport, near, no_evident_not_near, lake, no_evident_not_lake, with, no_evident_not_with, flamingos, no_evident_not_flamingos, in_winter, no_evident_not_in_winter"
654,bad_location,"car, have_evident_car, pouring_garbage, have_evident_pouring_garbage, not_worrying_about_the_noise, have_evident_not_worrying_about_the_noise, sleeping_expensive_tourists, have_evident_sleeping_expensive_tourists"
654,good_location,"good_mackenzie_beach, no_evident_not_good_mackenzie_beach"
655,bad_location,"located_in_small_side_street, have_evident_located_in_small_side_street, far_from_city_center, have_evident_far_from_city_center"
655,good_location,"not_far_from_airport, no_evident_not_not_far_from_airport"
659,bad_location,"noisy_area_causes_waking_at_night, have_evident_noise_causing_waking, terrible_force_of_sounds, have_evident_terrible_force_of_sounds"
661,bad_location,"sleep, have_evident_sleep, lightly, have_evident_lightly"
661,good_location,"proximity_to_airport, no_evident_not_proximity_to_airport"
662,bad_location,"located_in_larnaca, have_evident_located_in_larnaca, whole_city_stank, have_evident_whole_city_stank"
662,good_location,"beach, no_evident_not_beach"
663,bad_location,"located_at_a_considerable_distance, have_evident_located_at_a_considerable_distance, is_a_walk_along_the_beach_promenade, have_evident_is_a_walk_along_the_beach_promenade"
663,good_location,"close_to_airport, no_evident_not_close_to_airport, close_to_clean_beach, no_evident_not_close_to_clean_beach, relatively_quick, no_evident_not_relatively_quick, not_quick, no_evident_not_not_quick"
665,bad_location,"located_in_small_side_street, have_evident_located_in_small_side_street, have_evident_not_located_in_small_side_street, noise_from_planes_during_day, have_evident_noise_from_planes_during_day, have_evident_not_noise_from_planes_during_day, noise_from_garbage_emptying_midnight, have_evident_noise_from_garbage_emptying_midnight, have_evident_not_noise_from_garbage_emptying_midnight"
665,good_location,"close_to_airport, no_evident_not_close_to_airport, no_evident_not_noise_during_day"
666,good_location,"close_to_airport, no_evident_not_close_to_airport, very_clean_beach, no_evident_not_very_clean_beach"
667,good_location,"close_to_bus_stop, 10_minutes_to_center, 5_minutes_to_airport, no_evident_not_close_to_bus_stop, no_evident_not_10_minutes_to_center, no_evident_not_5_minutes_to_airport"
670,good_location,"close_to_the_airport, no_evident_not_close_to_the_airport, nearby_bus_stop_provides_access_to_city_center_and_airport, no_evident_not_nearby_bus_stop"
673,good_location,"good_walking_distance, no_evident_not_good_walking_distance"
676,good_location,"close_to_salt_lake, no_evident_not_close_to_salt_lake, close_to_sea, no_evident_not_close_to_sea, is_quiet, no_evident_not_is_quiet, near_airport, no_evident_not_near_airport, easy_access_by_transport, no_evident_not_easy_access_by_transport, nearby_activity, no_evident_not_nearby_activity, has_few_shops, no_evident_not_has_few_shops"
677,good_location,"close_to_airport, no_evident_not_close_to_airport, very_clean_beach, no_evident_not_very_clean_beach"
678,good_location,"and_contraries, next_to_mackenzie_beach, no_evident_not_next_to_mackenzie_beach, close_to_airport, no_evident_not_close_to_airport"
680,good_location,"close_to_beach, area_with_restaurants_bars, close_to_town_center, close_to_airport, no_evident_not_close_to_beach, no_evident_not_area_with_restaurants_bars, no_evident_not_close_to_town_center, no_evident_not_close_to_airport"
681,good_location,"close_to_airport, no_evident_not_close_to_airport, bus_stops_nearby, no_evident_not_bus_stops_nearby, salt_lake, no_evident_not_salt_lake, close_to_sea, no_evident_not_close_to_sea"
684,bad_location,"noise, have_evident_noise, discotheque, have_evident_discotheque"
685,good_location,"close_to_airport, no_evident_not_close_to_airport, close_to_clean_beach, no_evident_not_close_to_clean_beach"
687,good_location,"close, quick_access, bus_stop_nearby, no_evident_not_close, no_evident_not_quick_access, no_evident_not_bus_stop_nearby"
688,good_location,"close_to_clean_beach, no_evident_not_close_to_clean_beach"
690,bad_location,"everything_heard, have_evident_everything_heard, wakeup_3_am, have_evident_wakeup_3_am"
690,good_location,"convenient, close_to_airport, close_to_sea, no_evident_not_convenient, no_evident_not_close_to_airport, no_evident_not_close_to_sea"
693,good_location,"well_placed, access_to_beach_via_vacant_lot, airport_nearby, no_evident_not_well_placed, no_evident_not_access_to_beach_via_vacant_lot, no_evident_not_airport_nearby"
694,bad_location,"area, have_evident_area, wasteland, have_evident_wasteland"
694,good_location,"close_to_airport, no_evident_not_close_to_airport"
696,good_location,"close_to_airport, no_evident_not_close_to_airport, near_a_beach, no_evident_not_near_a_beach, good_beach, no_evident_not_good_beach"
698,good_location,"close_to_airport, close_to_restaurants, no_evident_not_close_to_airport, no_evident_not_close_to_restaurants"
700,good_location,"airport, no_evident_not_airport, attached, no_evident_not_attached, each_support_and_its_contrary_are_listed_together, with_assumptions_omitted_as_per_the_instructions"
701,good_location,"walking_distance_to_the_beach, has_several_restaurants, no_evident_not_walking_distance_to_the_beach, no_evident_not_has_several_restaurants"
704,good_location,"close_to_larnaca_airport, no_evident_not_close_to_larnaca_airport, close_to_the_beach, no_evident_not_close_to_the_beach"
706,good_location,"location, airport, minutes, no_evident_not_location, no_evident_not_airport, no_evident_not_minutes"
708,good_location,"close_to_airport, no_evident_not_close_to_airport, close_to_beach, no_evident_not_close_to_beach"
713,good_location,"close_to_airport, no_evident_not_close_to_airport"
718,good_location,"near_mackenzie_beach, no_evident_not_near_mackenzie_beach, 10_minutes_to_the_airport_by_bus_or_taxi, no_evident_not_10_minutes_to_the_airport_by_bus_or_taxi"
719,bad_location,"located_in_small_side_street, small, side, street, have_evident_located_in_small_side_street, have_evident_small, have_evident_side, have_evident_street"
722,good_location,"close_to_makenzie_beach, bus_from_airport, no_evident_not_close_to_makenzie_beach, no_evident_not_bus_from_airport"
726,bad_location,"noisy, have_evident_not_noisy, discos, have_evident_not_discos"
726,good_location,"mackenzie_is_5_minutes_walk_close, no_evident_not_close, the_hotel_is_conveniently_located_conveniently_located, no_evident_not_conveniently_located"
727,bad_location,"intensive_road, have_evident_intensive_road, pass_by_restaurants_and_the_beach, have_evident_pass_by_restaurants_and_the_beach"
727,good_location,"larnaca_airport, close, no_evident_not_larnaca_airport, no_evident_not_close"
730,bad_location,"proximity_to_airport, have_evident_proximity_to_airport, smell_of_jet_fuel, have_evident_smell_of_jet_fuel, night_disco_near_beach, have_evident_night_disco_near_beach"
730,good_location,"close_to_airport, close_to_beach, no_evident_not_close_to_airport, no_evident_not_close_to_beach"
732,good_location,"near_mackenzie_beach, no_evident_not_near_mackenzie_beach, near_airport, no_evident_not_near_airport, near_salt_lake, no_evident_not_near_salt_lake"
733,good_location,"close_to_waterfront, no_evident_not_close_to_waterfront"
735,good_location,"close_to_everything, close_to_a_liki_beach_club, close_to_restaurants, close_to_caf_s, no_evident_not_close_to_everything, no_evident_not_close_to_a_liki_beach_club, no_evident_not_close_to_restaurants, no_evident_not_close_to_caf_s"
737,good_location,"close_to_beach, no_evident_not_close_to_beach"
739,good_location,"near_beach, near_center, no_evident_not_near_beach, no_evident_not_near_center"
743,bad_location,"small, have_evident_small_location, side, have_evident_side_street, close, have_evident_close_location"
744,bad_location,"sounds_of_airport, reason_the_text_mentions_sounds_of_the_airport, which_directly_supports_the_claim, have_evident_sounds_of_airport, reason_the_phrase_have_evident_is_added_to_create_a_contrary_statement_based_on_the_support, maintaining_consistency_with_rule_4_and_5"
748,good_location,"close_to_airport, no_aircraft_noise, bus_station_nearby, salt_lake_nearby, no_evident_not_close_to_airport, no_evident_not_no_aircraft_noise, no_evident_not_bus_station_nearby, no_evident_not_salt_lake_nearby"
749,good_location,"close_to_field, no_evident_not_close_to_field"
750,good_location,"close_to_the_field, no_evident_not_close_to_the_field"
751,bad_location,"room_located_next_to_another_property_s_pool, room_adjacent_to_another_property_s_pool, have_evident_location_next, have_evident_adjacency, have_evident_too_much_noise_caused_shouting, too_much_noise_caused_shouting, shouting_made_it_impossible_to_rest, have_evident_cause, have_evident_impossibility"
754,bad_location,"noise, have_evident_noise_from_the_nearby_beach_until_early_morning"
754,good_location,"early_morning_flight, no_evident_not_early_morning_flight"
756,good_location,"close_to_beach, party_mile, airport, old_town, no_evident_not_close_to_beach, no_evident_not_party_mile, no_evident_not_airport, no_evident_not_old_town"
764,bad_location,"garbage_picked_up_at_3_am, have_evident_garbage_picked_up_at_3_am, farms_nearby_and_smell_of_manure, have_evident_farms_nearby_and_smell_of_manure"
765,bad_location,"located_in_small_side_street, have_evident_located_in_small_side_street, smell_cigarette_smoke, have_evident_smell_cigarette_smoke"
765,good_location,"bars, restaurants, no_evident_not_bars, no_evident_not_restaurants"
767,bad_location,"small, far_from_the_beach, windows_overlooked_the_courtyard, courtyard_was_quite_noisy, for_each_support, not_small, have_evident_not_far_from_the_beach, have_evident_not_windows_overlooked_the_courtyard, have_evident_not_courtyard_was_quite_noisy"
769,bad_location,"walk_to_promenade_of_larnaca, walk_to_lidl, have_evident_walk_to_promenade_of_larnaca, have_evident_walk_to_lidl"
769,good_location,"within_walking_distance, no_evident_not_within_walking_distance, a_couple_of_taverns, no_evident_not_a_couple_of_taverns, near_the_airport, no_evident_not_near_the_airport"
770,bad_location,"small, have_evident_small, side_street, have_evident_side_street, stench, have_evident_stench"
771,bad_location,"fruit_van_drove_under_windows, have_evident_fruit_van_drove_under_windows, seller_shouted_mouthpiece, have_evident_seller_shouted_mouthpiece"
771,good_location,"close_to_center, no_evident_not_close_to_center, close_to_mackenzie_beach, no_evident_not_close_to_mackenzie_beach, close_to_party_cafes, no_evident_not_close_to_party_cafes"
773,good_location,"close_to_airport, no_evident_not_close_to_airport, close_to_clean_beach, no_evident_not_close_to_clean_beach"
776,good_location,"proximity_to_airport, no_evident_not_proximity_to_airport, walk_to_sea, no_evident_not_walk_to_sea"
778,good_location,"close, no_evident_not_close"
779,good_location,"close_to_airport, no_evident_not_close_to_airport, quiet, no_evident_not_quiet, proximity_to_beach_and_city, no_evident_not_proximity_to_beach_and_city"
780,good_location,"near, no_evident_not_near, mackenzie_beach, no_evident_not_mackenzie_beach"
784,good_location,"near, close_to_beach, no_evident_not_near_beach, close_to_airport, no_evident_not_near_airport"
785,bad_location,"small_side_street, have_evident_small_side_street, surprised_at_the_location, have_evident_surprised_at_the_location"
