ID,Row,Prompt,Topic,Raw 1,Error
125,1,"SYSTEM:
Generate text in Assumption Based Argumentation (ABA) format from the given text. Use the following conditions carefully.
1. Claim is ""bad_taxi_issue"".
2. Supports are written in short words with no adjectives and no adverbs if it is not necessary for understanding.
3. For each support, use vocab from the original text. Do not provide synonyms. Check grammar. Do not provide further opinion.
4. Add a contrary for each support as a new support.
5. Each contrary must use the same word as presented in the support and each contrary starts with ""have evident"".
6. Regarding the format of answer, provide a list of all supports and contraries. Do not separate supports and contraries into separated sections. Do not provide assumptions. Do not provide claims.

---
USER:
[Text] Taxi drivers who cooperate with hotel, both times, from airport and back, charged 2-3 EUR above the price agreed with the hotel (20 EUR). To clarify, it is not about the money, I would certainly give that money as a tip, but feeling that someone is cheating you and stilling money from you is really awkward and ugly, especially when you are alone with small child in the middle of the night and have no alternative way of transport.

---
ASSISTANT:
charge_above_price_taxi, no_alternative_transport_at_midnight, have_evident_charge_above_price_taxi, have_evident_no_alternative_transport_at_midnight

---
USER:
[Text] Taxi drivers who cooperate with hotel, both times, from airport and back, charged 2-3 EUR above the price agreed with the hotel (20 EUR). To clarify, it is not about the money, I would certainly give that money as a tip, but feeling that someone is cheating you and stilling money from you is really awkward and ugly, especially when you are alone with small child in the middle of the night and have no alternative way of transport.",bad_taxi_issue,"charge_above_price_taxi, no_alternative_transport_at_midnight, have_evident_charge_above_price_taxi, have_evident_no_alternative_transport_at_midnight",
346,1,"SYSTEM:
Generate text in Assumption Based Argumentation (ABA) format from the given text. Use the following conditions carefully.
1. Claim is ""bad_taxi_issue"".
2. Supports are written in short words with no adjectives and no adverbs if it is not necessary for understanding.
3. For each support, use vocab from the original text. Do not provide synonyms. Check grammar. Do not provide further opinion.
4. Add a contrary for each support as a new support.
5. Each contrary must use the same word as presented in the support and each contrary starts with ""have evident"".
6. Regarding the format of answer, provide a list of all supports and contraries. Do not separate supports and contraries into separated sections. Do not provide assumptions. Do not provide claims.

---
USER:
[Text] Taxi drivers who cooperate with hotel, both times, from airport and back, charged 2-3 EUR above the price agreed with the hotel (20 EUR). To clarify, it is not about the money, I would certainly give that money as a tip, but feeling that someone is cheating you and stilling money from you is really awkward and ugly, especially when you are alone with small child in the middle of the night and have no alternative way of transport.

---
ASSISTANT:
charge_above_price_taxi, no_alternative_transport_at_midnight, have_evident_charge_above_price_taxi, have_evident_no_alternative_transport_at_midnight

---
USER:
[Text] Booked a taxi from the airport was a no show.",bad_taxi_issue,"taxi_no_show, have_evident_taxi_no_show",
568,1,"SYSTEM:
Generate text in Assumption Based Argumentation (ABA) format from the given text. Use the following conditions carefully.
1. Claim is ""bad_taxi_issue"".
2. Supports are written in short words with no adjectives and no adverbs if it is not necessary for understanding.
3. For each support, use vocab from the original text. Do not provide synonyms. Check grammar. Do not provide further opinion.
4. Add a contrary for each support as a new support.
5. Each contrary must use the same word as presented in the support and each contrary starts with ""have evident"".
6. Regarding the format of answer, provide a list of all supports and contraries. Do not separate supports and contraries into separated sections. Do not provide assumptions. Do not provide claims.

---
USER:
[Text] Taxi drivers who cooperate with hotel, both times, from airport and back, charged 2-3 EUR above the price agreed with the hotel (20 EUR). To clarify, it is not about the money, I would certainly give that money as a tip, but feeling that someone is cheating you and stilling money from you is really awkward and ugly, especially when you are alone with small child in the middle of the night and have no alternative way of transport.

---
ASSISTANT:
charge_above_price_taxi, no_alternative_transport_at_midnight, have_evident_charge_above_price_taxi, have_evident_no_alternative_transport_at_midnight

---
USER:
[Text] The taxi driver who picked us up for the short drive to the airport ripped us off. Be sure to negotiate the price beforehand. It's your own fault!",bad_taxi_issue,"driver_ripped_off, no_negotiate_price_beforehand, user_fault, have_evident_driver_ripped_off, have_evident_no_negotiate_price_beforehand, have_evident_user_fault",
615,1,"SYSTEM:
Generate text in Assumption Based Argumentation (ABA) format from the given text. Use the following conditions carefully.
1. Claim is ""bad_taxi_issue"".
2. Supports are written in short words with no adjectives and no adverbs if it is not necessary for understanding.
3. For each support, use vocab from the original text. Do not provide synonyms. Check grammar. Do not provide further opinion.
4. Add a contrary for each support as a new support.
5. Each contrary must use the same word as presented in the support and each contrary starts with ""have evident"".
6. Regarding the format of answer, provide a list of all supports and contraries. Do not separate supports and contraries into separated sections. Do not provide assumptions. Do not provide claims.

---
USER:
[Text] Taxi drivers who cooperate with hotel, both times, from airport and back, charged 2-3 EUR above the price agreed with the hotel (20 EUR). To clarify, it is not about the money, I would certainly give that money as a tip, but feeling that someone is cheating you and stilling money from you is really awkward and ugly, especially when you are alone with small child in the middle of the night and have no alternative way of transport.

---
ASSISTANT:
charge_above_price_taxi, no_alternative_transport_at_midnight, have_evident_charge_above_price_taxi, have_evident_no_alternative_transport_at_midnight

---
USER:
[Text] We had ordered a shuttle and thought it was specific to the hotel but it turned out to be just a lambda taxi, the problem is that we waited for it for 40 minutes because it was late but nobody warned us. We had to pay it straight away when we thought it would be included in the hotel bill at the end of the stay. It would be better to indicate directly that it is independent of the hotel, we would not have waited in front of other taxis and tried to reach everyone...",bad_taxi_issue,"wait_for_late_taxi, nobody_warned_us, pay_straight_away, independent_of_hotel, have_evident_wait_for_late_taxi, have_evident_nobody_warned_us, have_evident_pay_straight_away, have_evident_independent_of_hotel",
660,1,"SYSTEM:
Generate text in Assumption Based Argumentation (ABA) format from the given text. Use the following conditions carefully.
1. Claim is ""good_taxi_issue"".
2. Supports are written in short words with no adjectives and no adverbs if it is not necessary for understanding.
3. For each support, use vocab from the original text. Do not provide synonyms. Check grammar. Do not provide further opinion.
4. Add a contrary for each support as a new support.
5. Each contrary must use the same word as presented in the support and each contrary starts with ""no evident not"".
6. Regarding the format of answer, provide a list of all supports and contraries. Do not separate supports and contraries into separated sections. Do not provide assumptions. Do not provide claims.

---
USER:
[Text] We arrived at 2:30 am at the airport, a shuttle taxi to the hotel was waiting for us.

---
ASSISTANT:
taxi_waiting_for_us, no_evident_not_taxi_waiting_for_us

---
USER:
[Text] We arrived at 2:30 am at the airport, a shuttle taxi to the hotel was waiting for us.",good_taxi_issue,"taxi_waiting_for_us, no_evident_not_taxi_waiting_for_us",
666,1,"SYSTEM:
Generate text in Assumption Based Argumentation (ABA) format from the given text. Use the following conditions carefully.
1. Claim is ""bad_taxi_issue"".
2. Supports are written in short words with no adjectives and no adverbs if it is not necessary for understanding.
3. For each support, use vocab from the original text. Do not provide synonyms. Check grammar. Do not provide further opinion.
4. Add a contrary for each support as a new support.
5. Each contrary must use the same word as presented in the support and each contrary starts with ""have evident"".
6. Regarding the format of answer, provide a list of all supports and contraries. Do not separate supports and contraries into separated sections. Do not provide assumptions. Do not provide claims.

---
USER:
[Text] Taxi drivers who cooperate with hotel, both times, from airport and back, charged 2-3 EUR above the price agreed with the hotel (20 EUR). To clarify, it is not about the money, I would certainly give that money as a tip, but feeling that someone is cheating you and stilling money from you is really awkward and ugly, especially when you are alone with small child in the middle of the night and have no alternative way of transport.

---
ASSISTANT:
charge_above_price_taxi, no_alternative_transport_at_midnight, have_evident_charge_above_price_taxi, have_evident_no_alternative_transport_at_midnight

---
USER:
[Text] Unfortunately, the organized taxi came too late/ a bit chaotic.",bad_taxi_issue,"taxi_came_too_late, chaotic_taxi, have_evident_taxi_came_too_late, have_evident_chaotic_taxi",
689,1,"SYSTEM:
Generate text in Assumption Based Argumentation (ABA) format from the given text. Use the following conditions carefully.
1. Claim is ""bad_taxi_issue"".
2. Supports are written in short words with no adjectives and no adverbs if it is not necessary for understanding.
3. For each support, use vocab from the original text. Do not provide synonyms. Check grammar. Do not provide further opinion.
4. Add a contrary for each support as a new support.
5. Each contrary must use the same word as presented in the support and each contrary starts with ""have evident"".
6. Regarding the format of answer, provide a list of all supports and contraries. Do not separate supports and contraries into separated sections. Do not provide assumptions. Do not provide claims.

---
USER:
[Text] Taxi drivers who cooperate with hotel, both times, from airport and back, charged 2-3 EUR above the price agreed with the hotel (20 EUR). To clarify, it is not about the money, I would certainly give that money as a tip, but feeling that someone is cheating you and stilling money from you is really awkward and ugly, especially when you are alone with small child in the middle of the night and have no alternative way of transport.

---
ASSISTANT:
charge_above_price_taxi, no_alternative_transport_at_midnight, have_evident_charge_above_price_taxi, have_evident_no_alternative_transport_at_midnight

---
USER:
[Text] When the booked taxi didn't show up at 3 in the morning, the Htl owner drove me to the airport himself after I rang him out of bed....",bad_taxi_issue,"taxi_not_show_up, have_evident_taxi_not_show_up",
