ID,Topic,Test 3
2,bad_room,"clean_room, have_evident_clean_room, well_decorated_room, have_evident_well_decorated_room, modern_room, have_evident_modern_room"
2,good_room,"clean, decorated, modern, no_evident_not_clean, no_evident_not_decorated, no_evident_not_modern"
4,good_room,"space, no_evident_not_space, comf, no_evident_not_comf, cle, no_evident_not_cle, vie, no_evident_not_vie"
5,good_room,"clean_room, modern_room, comfortable_beds, no_evident_not_clean_room, no_evident_not_modern_room, no_evident_not_comfortable_beds"
6,good_room,"clean_room, really_comfortable_bed, no_evident_not_exceptionally_clean_room, no_evident_notreally_comfortable_room"
10,good_room,"spacious, comfortable, very_clean, nice_view, no_evident_not_spacious, no_evident_not_comfortable, no_evident_not_very_clean, no_evident_not_nice_view"
11,good_room,"spacious, clean, great_to_stay, no_evident_not_spacious, no_evident_not_clean, no_evident_not_great_to_stay"
12,good_room,"clean_room, very_clean, no_evident_not_very_clean, comfortable_room, comfortable, no_evident_not_comfortable"
13,good_room,"clean_room, well_decorated_room, modern_room, no_evident_not_clean_room, no_evident_not_well_decorated_room, no_evident_not_modern_room"
14,bad_room,"you_can_hear_the_airplanes_coming_and_leaving_from_the_airport_all_the_time, opponent_have_evident_you_can_hear_the_airplanes_coming_and_leaving_from_the_airport_all_the_time, the_noise_is_creating_problems_in_the_room_implied, opponent_have_evident_the_noise_is_creating_problems_in_the_room"
16,good_room,"spacious, no_evident_not_spacious, clean, no_evident_not_clean, nice_window_view, no_evident_not_nice_window_view"
17,good_room,"spacious, no_evident_not_spacious, comfortable, no_evident_not_comfortable, clean, no_evident_not_clean, nice_view, no_evident_not_nice_view"
20,good_room,"spacious, no_evident_not_spacious, comfortable, no_evident_not_comfortable, very_clean, no_evident_not_very_clean, nice_view, no_evident_not_nice_view"
21,good_room,"clean, no_evident_not_clean, nice, no_evident_not_nice, comfortable, no_evident_not_comfortable"
22,bad_room,"fridge_could_have_been_put_on_beforehand, have_evident_fridge_could_have_been_put_on_beforehand, showers_took_a_while_to_get_hot, have_evident_showers_took_a_while_to_get_hot"
22,good_room,"clean_room, no_evident_not_clean_room, well_decorated_room, no_evident_not_well_decorated_room, modern_room, no_evident_not_modern_room, spacious_room, no_evident_not_spacious_room, comfortable_bed, no_evident_not_comfortable_bed, clean_shiny_tiled_floors, no_evident_not_clean_shiny_tiled_floors, clean_shiny_bathroom_tiles, no_evident_not_clean_shiny_bathroom_tiles, perfect_room, no_evident_not_perfect_room, spacious_and_comfortable_bed, no_evident_not_spacious_and_comfortable_bed, lots_of_space_for_making_room, no_evident_not_lots_of_space_for_making_room"
23,good_room,"comfortable_beds, no_evident_not_comfortable_beds"
24,good_room,"spacious, comfortable, very_clean, nice_view, no_evident_not_spacious, no_evident_not_comfortable, no_evident_not_very_clean, no_evident_not_nice_view"
25,good_room,"clean_room, no_evident_not_clean_room, quiet_room, no_evident_not_quiet_room"
26,good_room,"good_size, well_laid_out, good_size_bathroom, no_evident_not_good_size, no_evident_not_well_laid_out, no_evident_not_good_size_bathroom, great_size, take_a_tea_coffee_and_chill, no_evident_not_great_size, no_evident_not_take_a_tea_coffee_and_chill"
27,good_room,"so_clean, no_evident_not_so_clean, very_clean, no_evident_not_very_clean"
29,good_room,"clean_room, very_clean_room, no_evident_not_very_clean_room, functional_room, well_decorated_functional_room, no_evident_not_well_decorated_functional_room"
30,good_room,"spotless, no_evident_not_spotless"
31,good_room,"spacious, comfortable, clean, view, no_evident_not_spacious, no_evident_not_comfortable, no_evident_not_clean, no_evident_not_view"
32,good_room,"clean_rooms, no_evident_not_clean_rooms, great_bed, no_evident_not_great_bed"
33,bad_room,"noisy, have_evident_noisy, evening_time, have_evident_evening_time, street_side, have_evident_street_side"
33,good_room,"clean_room, modern_furniture, make_your_stay_max_comfortable, no_evident_not_clean_room, no_evident_not_modern_furniture, no_evident_not_make_your_stay_max_comfortable"
34,bad_room,"enough_hooks_on_walls, not_enough_hooks_on_walls, have_evident_enough_hooks_on_walls, have_evident_not_enough_hooks_on_walls"
35,bad_room,"bad_water, heating_water_problem, difficult_manage_proper_shower, have_evident_heating_water_problem, have_evident_difficult_manage_proper_shower"
36,bad_room,"smaller_than_i_expected, fussy_beds_pillows, have_evident_smaller_than_i_expected, have_evident_fussy_beds_pillows"
36,good_room,"clean, comfortable, no_evident_not_clean, no_evident_not_comfortable"
37,good_room,"clean_room_very_clean, no_evident_not_clean_room, well_decorated_room_nice_view, no_evident_not_nice_view_room, modern_room_spacious, no_evident_not_spacious_room, spacious_clean, no_evident_not_clean_spacious_room, comfortable_very_clean, no_evident_not_very_clean_comfortable_room, nice_view_clean, no_evident_not_clean_nice_view_room"
38,good_room,"no_evident_not_good_room, modern_room, no_evident_not_modern_room"
39,good_room,"clean_room, spacious_room, no_evident_not_clean_room, no_evident_not_spacious_room"
40,bad_room,"no_net_curtain, blind_missing, have_evident_no_net_curtain, have_evident_blind_missing"
41,good_room,"clean_no_evident_not_clean, modern_no_evident_not_modern, spacious_no_evident_not_spacious, comfortable_no_evident_not_comfortable, very_clean_no_evident_not_very_clean, nice_view_no_evident_not_nice_view"
42,good_room,"spacious, no_evident_not_spacious, comfortable, no_evident_not_comfortable, very_clean, no_evident_not_very_clean, nice_view, no_evident_not_nice_view"
43,good_room,"clean_room, spacious, comfortable, no_evident_not_spacious, no_evident_not_comfortable"
45,good_room,"clean, no_evident_not_clean_room"
48,good_room,"clean_room, no_evident_not_clean_room, comfortable_room, no_evident_not_comfortable_room"
49,good_room,"spacious, no_evident_not_spacious_room, comfortable, no_evident_not_comfortable_room, very_clean, no_evident_not_clean_room"
50,bad_room,"not_very_soundproof, this_support_directly_addresses_the_lack_of_soundproofing, aligning_with_the_original_statement_not_very_soundproof, have_evident_not_very_soundproof, this_contrary_provides_an_alternative_perspective, emphasizing_the_evident_deficiency_in_soundproofing, this_response_adheres_to_all_specified_conditions_and_format_requirements"
51,good_room,"nice, very, no_evident_not_nice, no_evident_not_very"
53,good_room,"comfortable, no_evident_not_comfortable, bed, no_evident_not_bed"
54,good_room,"very_nice, clean, no_evident_not_very_nice, no_evident_not_clean"
55,bad_room,"many_mosquitos, have_evident_many_mosquitos"
56,good_room,"comfortable, no_evident_not_comfortable"
57,good_room,"clean_room, no_evident_not_clean_room, comfortable_room, no_evident_not_comfortable_room"
58,bad_room,"not_soundproof_room, have_evident_not_soundproof_room"
62,bad_room,"have_evident_folding_bed, have_evident_regular_beds, for_each_support, have_evident_folding_bed_is_not_as_good, have_evident_regular_beds_are_not_comfortable"
62,good_room,"comfortable_beds, best_linen, duvets, clean_mini_bar, tea_coffee, modern_bathroom, good_ac, no_evident_not_comfortable_beds, no_evident_not_best_linen, no_evident_not_duvets, no_evident_not_clean_mini_bar, no_evident_not_tea_coffee, no_evident_not_modern_bathroom, no_evident_not_good_ac"
64,good_room,"new_room, clean_room, no_evident_not_new_room, no_evident_not_clean_room"
65,good_room,"clean, no_evident_not_clean, comfortable, no_evident_not_comfortable"
66,good_room,"spotless_room, comfortable_room, no_evident_not_spotless_room, no_evident_not_comfortable_room"
68,good_room,"spacious, clean, nice_view, no_evident_not_spacious, no_evident_not_clean, no_evident_not_nice_view"
70,good_room,"peaceful, no_evident_not_peaceful, clean, no_evident_not_clean"
73,good_room,"room, no_evident_not_room"
74,good_room,"very_clean_room, no_evident_not_very_clean_room, cozy_room, no_evident_not_cozy_room, comfortable_beds, no_evident_not_comfortable_beds"
75,bad_room,"disappointed_with_out_balcony, have_evident_disappointed_with_out_balcony"
76,good_room,"spacious, no_evident_not_spacious, comfortable, no_evident_not_comfortable, very_clean, no_evident_not_very_clean, nice_view, no_evident_not_nice_view"
78,good_room,"spacious_room, comfortable_room, very_clean_room, nice_view, no_evident_not_spacious_room, no_evident_not_comfortable_room, no_evident_not_very_clean_room, no_evident_not_nice_view"
79,good_room,"clean_room, well_decorated_room, modern_room, no_evident_not_clean_room, no_evident_not_well_decorated_room, no_evident_not_modern_room"
81,good_room,"spacious, no_evident_not_spacious, comfortable, no_evident_not_comfortable, clean, no_evident_not_clean, view, no_evident_not_view"
82,good_room,"super_clean, no_evident_not_super_clean, modern, no_evident_not_modern"
83,good_room,"clean_room, clean, no_evident_not_clean_room, comfortable_room, comfortable, no_evident_not_comfortable_room"
85,bad_room,"not_clean_room, have_evident_not_clean_room"
89,good_room,"clean, no_evident_not_clean, comfortable, no_evident_not_comfortable, within_minutes_of_arrival, no_evident_not_within_minutes_of_arrival"
90,good_room,"clean_room, very_clean, no_evident_not_very_clean, well_decorated_room, modern_room"
91,good_room,"clean_room, very_clean, no_evident_not_very_clean, well_decorated_room, nice_view, no_evident_not_nice_view, modern_room"
92,bad_room,"not_clean_enough_floor_have_evident_not_clean_enough_floor, dust_on_floor_have_evident_dust_on_floor, water_does_not_drain_have_evident_water_does_not_drain, floods_room_have_evident_floods_room, badly_soundproofed_have_evident_badly_soundproofed"
93,good_room,"no_evident_not_comfortable_room, comfortable_room, no_evident_not_good_room"
95,good_room,"clean_room, no_evident_not_clean_room, quiet_room, no_evident_not_quiet_room"
96,bad_room,"dirty_towels, have_evident_dirty_towels"
96,good_room,"comfortable, no_evident_not_comfortable, very, no_evident_not_very"
98,bad_room,"too_thick_blankets, have_evident_too_thick_blankets"
99,good_room,"very_clean, no_evident_not_very_clean"
100,good_room,"clean_room, really_clean, no_evident_notreally_clean, well_decorated_room, nice_view, no_evident_notnice_view"
101,bad_room,"cupboards_wardrobes_need_doors, have_evident_cupboards_wardrobes_should_not_need_doors, cupboards_wardrobes_should_be_drawers, have_evident_cupboards_wardrobes_are_not_drawers"
102,good_room,"nice, no_evident_not_nice, modern, no_evident_not_modern, clean, no_evident_not_clean"
103,bad_room,"no_soap_in_shower, have_evident_no_soap_in_shower, no_shampoo_in_shower, have_evident_no_shampoo_in_shower"
103,good_room,"recently_refurbished, very_spacious, nice_view, sinks_and_toilette_separated_by_a_door_inside_the_bathroom, for_each_support, no_evident_not_recently_refurbished, no_evident_not_very_spacious, no_evident_not_nice_view, no_evident_not_sinks_and_toilette_separated_by_a_door_inside_the_bathroom"
105,good_room,"very_clean, no_evident_not_very_clean, spacious, no_evident_not_spacious"
106,good_room,"spacious, no_evident_not_spacious_room, comfortable, no_evident_not_comfortable_room, very_clean, no_evident_not_very_clean_room"
107,good_room,"spacious_room, comfortable_room, newly_redecorated_room, comfortable_bed, for_each_support, no_evident_not_spacious_room, no_evident_not_comfortable_room, no_evident_not_newly_redecorated_room, no_evident_not_comfortable_bed"
109,good_room,"lovely_room, no_evident_not_lovely_room, comfortable_bed, no_evident_not_comfortable_bed"
111,good_room,"spacious, comfortable, very_clean, nice_view, no_evident_not_spacious, no_evident_not_comfortable, no_evident_not_very_clean, no_evident_not_nice_view"
113,good_room,"spacious_room, comfortable_room, very_clean_room, no_evident_not_very_clean_room, nice_view, no_evident_not_nice_view"
114,good_room,"air_con, fridge, bottle_of_water, no_evident_not_air_con, no_evident_not_fridge, no_evident_not_bottle_of_water"
116,good_room,"clean_room, clean, no_evident_not_clean_room, air_conditioned_room, air_conditioned, no_evident_not_air_conditioned_room, close_to_airport_room, close_to_the_airport, no_evident_not_close_to_the_airport_room"
118,good_room,"spacious, comfortable, very_clean, nice_view, no_evident_not_spacious_room, no_evident_not_comfortable_room, no_evident_not_very_clean_room, no_evident_not_nice_view_room"
119,good_room,"clean, no_evident_not_clean, comfortable, no_evident_not_comfortable, had, no_evident_not_had, everything_i_needed, no_evident_not_everything_i_needed, included, no_evident_not_included, fridge, no_evident_not_fridge, kettle, no_evident_not_kettle, shower_was_great, no_evident_not_shower_was_great, air_con_worked_well, no_evident_not_air_con_worked_well"
120,bad_room,"not_clean_enough_floor, have_evident_not_clean_enough_floor, dust_on_floor, have_evident_dust_on_floor, water_does_not_drain, have_evident_water_does_not_drain, floods_room, have_evident_floods_room, small_room, have_evident_small_room, adequate_room, have_evident_adequate_room"
122,good_room,"clean, no_evident_not_clean, this_response_adheres_to_the_conditions_specified_it_uses_only_short_words_for_supports_without_adjectives_or_adverbs, ensures_each_support_has_a_corresponding_contrary_starting_with_no_evident_not, and_maintains_consistency_with_the_vocabulary_from_the_original_text"
125,good_room,"clean, comfortable, no_evident_not_clean, no_evident_not_comfortable"
126,good_room,"space, comfy, clean, view, welldecorated, equipped, smelt_nice, no_evident_not_space, no_evident_not_comfy, no_evident_not_clean, no_evident_not_view, no_evident_not_welldecorated, no_evident_not_equipped, no_evident_not_smelt_nice"
127,good_room,"clean_room, no_evident_not_clean_room, modern_room, no_evident_not_modern_room"
128,good_room,"clean_room, clean, no_evident_not_clean, comfortable_room, comfortable, no_evident_not_comfortable"
129,good_room,"room_and_bathroom_were_good_in_size, no_evident_not_room_and_bathroom_were_good_in_size, room_and_bathroom_were_good_in_cleanliness, no_evident_not_room_and_bathroom_were_good_in_cleanliness, bed_was_good_in_comfort, no_evident_not_bed_was_good_in_comfort"
131,good_room,"very, no_evident_not_very, clean, no_evident_not_clean"
132,good_room,"spacious_room, comfortable_room, no_evident_not_spacious_room, no_evident_not_comfortable_room"
133,good_room,"clean_room, comfortable_bed, no_evident_not_clean_room, no_evident_not_comfortable_bed"
134,good_room,"lovely, no_evident_not_lovely, clean, no_evident_not_clean"
137,bad_room,"smell, have_evident_smell, bad, have_evident_bad, bathroom, have_evident_bathroom"
137,good_room,"clean_room, no_evident_not_clean_room, comfortable_bed, no_evident_not_comfortable_room"
138,good_room,"room, no_evident_not_room, bathroom, no_evident_not_bathroom, clean, no_evident_not_clean"
140,good_room,"clean_room, comfortable, spacious, no_evident_not_clean, no_evident_not_comfortable, no_evident_not_spacious, nice_view, no_evident_not_nice, no_evident_not_view"
144,good_room,"nice, clean, no_evident_not_nice, no_evident_not_clean"
145,good_room,"super, no_evident_not_super, new, no_evident_not_new, cozy, no_evident_not_cozy, spacious, no_evident_not_spacious, cabin, no_evident_not_cabin, shower, no_evident_not_shower, bed, no_evident_not_bed, pillows, no_evident_not_pillows, comfy, no_evident_not_comfy"
146,good_room,"clean_room, nice_room, smart_room, comfortable_room, no_evident_not_clean_room, no_evident_not_nice_room, no_evident_not_smart_room, no_evident_not_comfortable_room"
148,good_room,"spac, comfy, clean, nice_view, no_evident_not_spac, no_evident_not_comfy, no_evident_not_clean, no_evident_not_nice_view"
149,good_room,"clean, no_evident_not_clean, modern, no_evident_not_modern, comfortable, no_evident_not_comfortable"
152,good_room,"clean_room, well_decorated_room, modern_room, no_evident_not_clean_room, no_evident_not_well_decorated_room, no_evident_not_modern_room"
153,good_room,"spacious, no_evident_not_spacious, clean_from_very_clean, no_evident_not_clean, nice_view, no_evident_not_nice_view, beautiful, no_evident_not_beautiful, spotless_room, no_evident_not_spotless_room, comfortable_nights_sleep, no_evident_not_comfortable_nights_sleep, air_conditioned_room, no_evident_not_air_conditioned_room, great_shower, no_evident_not_great_shower"
154,bad_room,"not_clean_enough_floor, have_evident_not_clean_enough_floor, dust_on_floor, have_evident_dust_on_floor, water_does_not_drain, have_evident_water_does_not_drain, floods_room, have_evident_floods_room"
155,good_room,"spacious, no_evident_not_spacious, comfortable, no_evident_not_comfortable, very_clean, no_evident_not_very_clean, nice_view, no_evident_not_nice_view"
156,good_room,"clean_no_evident_not_clean, comfy_no_evident_not_comfy, air_conditioned_no_evident_not_air_conditioned, great_no_evident_not_great"
157,good_room,"new_rooms, clean, no_evident_not_new_rooms, no_evident_not_clean"
159,good_room,"spacious_room, comfortable_room, clean_room, no_evident_not_clean_room, well_decorated_room, no_evident_not_well_decorated_room, no_evident_not_spacious_room, no_evident_not_comfortable_room"
161,good_room,"cleanness, no_evident_not_clean"
165,good_room,"clean, no_evident_not_clean, modern, no_evident_not_modern, nice_view, no_evident_not_nice_view"
166,good_room,"clean_room, homely_room, no_evident_not_clean_room, no_evident_not_homely_room"
167,good_room,"clean, no_evident_not_clean"
168,good_room,"spacious, no_evident_not_spacious, comfortable, no_evident_not_comfortable, very_clean, no_evident_not_very_clean, nice_view, no_evident_not_nice_view"
171,good_room,"cleaning_system, no_disturbance_system, no_evident_not_cleaning_system, no_evident_not_no_disturbance_system"
173,good_room,"clean, comfy, good_smelling, no_evident_not_clean, no_evident_not_comfy, no_evident_not_good_smelling"
176,good_room,"spacious, no_evident_not_spacious, very_clean, no_evident_not_very_clean"
178,good_room,"relaxing, no_evident_not_relaxing, comfortable, no_evident_not_comfortable"
179,bad_room,"tv_channel_selection, have_evident_tv_channel_selection"
179,good_room,"very_clean, no_evident_not_very_clean"
180,bad_room,"ac_loud, have_evident_ac_loud, people_loud, have_evident_people_loud"
180,good_room,"clean, bed, no_evident_not_clean, no_evident_not_bed"
181,good_room,"big, no_evident_not_big, clean, no_evident_not_clean, rooms, no_evident_not_rooms"
189,good_room,"clean_room, modern_room, no_evident_not_clean_room, no_evident_not_modern_room"
190,bad_room,"small_room, have_evident_small_room, lacked_balcony, have_evident_lacked_balcony"
191,good_room,"clean, no_evident_not_clean, this_response_adheres_to_the_conditions_specified_it_uses_only_short_words_for_supports_without_adjectives_or_adverbs, ensures_each_support_has_a_corresponding_contrary_starting_with_no_evident_not, and_maintains_consistency_with_the_vocabulary_from_the_original_text"
192,good_room,"spacious, no_evident_not_spacious, comfortable, no_evident_not_comfortable, very_clean, no_evident_not_very_clean, nice_view, no_evident_not_nice_view"
193,good_room,"clean, spacious, no_evident_not_clean, no_evident_not_spacious"
194,good_room,"spacious, not_spacious, comfortable, not_comfortable, very_clean, not_very_clean, nice_view, no_evident_not_nice_view"
195,good_room,"clean, no_evident_not_clean, spacious, no_evident_not_spacious, friendly, no_evident_not_friendly, new, no_evident_not_new, modern, no_evident_not_modern"
196,bad_room,"hard_mattresses, have_evident_hard_mattresses"
198,good_room,"clean_room, well_organized_room, no_evident_not_clean_room, no_evident_not_well_organized_room"
199,good_room,"clean_room, it_is_clean, no_evident_not_clean, beautiful_room, it_is_beautiful, no_evident_not_beautiful"
200,good_room,"clean_room_very_clean, no_evident_not_very_clean, well_decorated_room_nice_view, no_evident_not_nice_view"
202,good_room,"super_clean, no_evident_not_super_clean, no_evident_not_list_of_all_supports_and_contraries"
203,good_room,"clean, welldecorated, acworkedwell, no_evident_not_clean, no_evident_not_welldecorated, no_evident_not_acworkedwell"
208,bad_room,"not_cleaned_floor, dusty_floor, water_not_draining, floods_room, hair_on_floor, have_evident_not_cleaned_floor, have_evident_dusty_floor, have_evident_water_does_not_drain, have_evident_floods_room, have_evident_hair_on_floor"
209,bad_room,"noisy, everything, have_evident_noisy, have_evident_everything"
209,good_room,"nice, no_evident_not_nice"
210,good_room,"spacious, comfortable, no_evident_not_spacious_room, no_evident_not_comfortable_room"
213,bad_room,"smell_bathroom, have_evident_smell_bathroom"
215,good_room,"clean_room, clean, no_evident_not_clean_room, simple_room, simple, no_evident_not_simple_room"
216,good_room,"clean_room, no_evident_not_clean_room, comfortable_bed, no_evident_not_comfortable_bed"
218,good_room,"clean, no_evident_not_clean, comfortable, no_evident_not_comfortable"
219,good_room,"very_clean_room, no_evident_not_very_clean_room, comfy_beds, no_evident_not_comfy_beds, very_nice_showers, no_evident_not_very_nice_showers, freshly_renovated_room, no_evident_not_freshly_renovated_room"
220,bad_room,"tv, have_evident_tv, very, have_evident_very, light, have_evident_light, on, have_evident_on, choice, have_evident_choice, only, have_evident_only, news, have_evident_news, channel, have_evident_channel, in, have_evident_in, english, have_evident_english"
220,good_room,"airy_room, air_describes_the_room_s_airiness, no_evident_not_airy_room, comfortable_room, comfortable_describes_the_room_s_comfort, no_evident_not_comfortable_room, fast_wifi, super_fast_describes_the_wifi_speed, no_evident_not_fast_wifi"
221,bad_room,"mini_fridge_not_working, have_evident_mini_fridge_worked"
221,good_room,"clean, adequate, nice, no_evident_not_clean, no_evident_not_adequate, no_evident_not_nice"
222,good_room,"nice, no_evident_not_nice"
224,good_room,"clean_room, no_evident_not_spacious_room, no_evident_not_comfortable_room, no_evident_not_very_clean_room, no_evident_not_nice_view_room, well_decorated_room, modern_room"
226,bad_room,"nothing_fancy, have_evident_something_fancy, little_extra, have_evident_much_extra, small_fridge_warm_empty, have_evident_small_fridge_warm_empty, no_nearby_shop_kiosk, have_evident_no_nearby_shop_kiosk, one_small_bottle_water, have_evident_one_small_bottle_water, poor_quality, have_evident_poor_quality, suggest_pay_more, have_evident_suggest_pay_more, small_welcome_tray, have_evident_small_welcome_tray, bathroom_floor_wet, have_evident_bathroom_floor_wet"
226,good_room,"clean_room, no_evident_not_clean_room, modern_room, no_evident_not_modern_room, quiet_room, no_evident_not_quiet_room, excellent_room_service, no_evident_not_excellent_room_service, plenty_electricity_outlets, no_evident_not_plenty_electricity_outlets, double_bed, no_evident_not_double_bed"
227,good_room,"clean_room, well_decorated_room, modern_room, no_evident_not_spacious_room, no_evident_not_comfortable_room, no_evident_not_very_clean_room, no_evident_not_nice_view_room"
228,good_room,"spacious, no_evident_not_spacious, comfortable, no_evident_not_comfortable, very_clean, no_evident_not_very_clean, nice_view, no_evident_not_nice_view"
230,good_room,"spacious, no_evident_not_spacious, comfortable, no_evident_not_comfortable, very_clean, no_evident_not_very_clean, nice_view, no_evident_not_nice_view"
231,good_room,clean_room_no_evident_not_clean_room
232,good_room,"everything_was_clean_no_evident_not_everything_was_clean, everything_was_nice_no_evident_not_everything_was_nice"
233,good_room,"1_spacious, 2_fresh, 3_clean, no_evident_not_1_no_evident_not_spacious, no_evident_not_2_no_evident_not_fresh, no_evident_not_3_no_evident_not_clean"
235,good_room,"very_clean, no_evident_not_very_clean"
236,good_room,"small, good_size, well_appointed, no_evident_not_small, no_evident_not_good_size, no_evident_not_well_appointed"
237,good_room,"clean, comfortable, no_evident_not_clean, no_evident_not_comfortable"
238,bad_room,"smell, room, have_evident_smell, have_evident_room"
239,good_room,"light, no_evident_not_light, airy, no_evident_not_airy, clean, no_evident_not_clean"
240,good_room,"spacious, clean, comfortable, nice_view, modern, no_evident_not_spacious, no_evident_not_clean, no_evident_not_comfortable, no_evident_not_nice_view, no_evident_not_modern"
241,bad_room,"price, random, unlabeled, shampoo_dispenser, shower_wall, have_evident_price, have_evident_random, have_evident_unlabeled, have_evident_shampoo_dispenser, have_evident_shower_wall"
241,good_room,"spacious_room_no_evident_not_spacious_room, minifridge_no_evident_not_minifridge, large_bathroom_no_evident_not_large_bathroom, very_clean_bed_no_evident_not_very_clean_bed, comfy_bed_no_evident_not_comfy_bed, lovely_little_balcony_no_evident_not_lovely_little_balcony"
242,good_room,"clean, no_evident_not_clean, comfortable, no_evident_not_comfortable, pleasant, no_evident_not_pleasant"
245,good_room,"extremely_clean, no_evident_not_extremely_clean, their_room_service_makes_sure_to_keep_it_this_way, no_evident_not_their_room_service_makes_sure_to_keep_it_this_way"
246,good_room,"nice_size_room, no_evident_not_nice_size_room, very_clean_room, no_evident_not_very_clean_room, modern_room, no_evident_not_modern_room, family_room, no_evident_not_family_room, double_room, no_evident_not_double_room"
247,good_room,"spacious, comfortable, very_clean, nice_view, no_evident_not_spacious, no_evident_not_comfortable, no_evident_not_very_clean, no_evident_not_nice_view"
248,bad_room,"lack_decent_tv_channels, limited_channels_available, only_half_in_english, have_evident_lack_of_decent_tv_channels, have_evident_limited_channels_available, have_evident_only_half_in_english"
248,good_room,"comfortable, no_evident_not_comfortable"
250,good_room,"lovely_room, no_evident_not_lovely_room, modern_room, no_evident_not_modern_room, comfortable_room, no_evident_not_comfortable_room"
252,good_room,"clean_room_no_evident_not_clean_room, new_room_no_evident_not_new_room"
253,good_room,"large, no_evident_not_large, comfortable, no_evident_not_comfortable, clean, no_evident_not_clean, view, no_evident_not_view"
254,good_room,"clean, no_evident_not_clean, great, no_evident_not_great, realistic, no_evident_not_realistic"
255,good_room,"spacious, no_evident_not_spacious, new, no_evident_not_new"
256,good_room,"clean_room, clean, no_evident_not_clean_room, modern_room, modern, no_evident_not_modern_room"
259,bad_room,"wet_bathroom_floor, have_evident_wet_bathroom_floor, slippery_bathroom_floor, have_evident_slippery_bathroom_floor, needs_two_foot_towels, have_evident_needs_two_foot_towels"
260,good_room,"spacious, comfortable, no_evident_not_spacious_room, no_evident_not_comfortable_room"
261,good_room,"clean, no_evident_not_clean, cozy, no_evident_not_cozy"
262,good_room,"clean, we_slept_well_in_a_comfy_clean_bed, no_evident_not_clean, spacious, no_evident_not_spacious, comfortable, no_evident_not_comfortable, very_clean, no_evident_not_very_clean, nice_view, no_evident_not_nice_view"
263,good_room,"big_room, no_evident_not_big_room, comfortable_beds, no_evident_not_comfortable_beds, small_balcony, no_evident_not_small_balcony"
264,good_room,"clean_beds, no_evident_not_clean_beds, comfortable_beds, no_evident_not_comfortable_beds"
265,good_room,"spacious_room, comfortable_room, very_clean_room, clean_room, nice_view, no_evident_not_spacious_room, no_evident_not_comfortable_room, no_evident_not_very_clean_room, no_evident_not_clean_room, no_evident_not_nice_view"
266,good_room,"clean_room, very_clean, no_evident_not_very_clean, nice_view, nice, no_evident_not_nice"
268,good_room,"spacious, no_evident_not_spacious, comfortable, no_evident_not_comfortable, very_clean, no_evident_not_very_clean, nice_view, no_evident_not_nice_view, modern, no_evident_not_modern, sea_view, no_evident_not_sea_view"
269,good_room,"clean, comfortable, spacious, no_evident_not_clean, no_evident_not_comfortable, no_evident_not_spacious"
270,good_room,"spacious_room, comfortable_room, clean_room, no_evident_not_clean_room, well_decorated_room, no_evident_not_well_decorated_room, no_evident_not_spacious_room, no_evident_not_comfortable_room"
275,good_room,"rooms, no_evident_not_rooms, clean, no_evident_not_clean"
276,bad_room,"locks_on_windows_didnt_seem_secure, have_evident_locks_on_windows_didnt_seem_secure, windows, have_evident_windows, didn_t_seem, have_evident_didn_t_seem"
277,bad_room,"wanted_in_shower, dspancer_holds_3_in_1, have_evident_wanted_in_shower, have_evident_dspancer_holds_3_in_1"
279,good_room,"comfortable, no_evident_not_comfortable"
280,good_room,"error_requestexception_httpconnectionpool_host_localhost, port_11434_max_retries_exceeded_with_url_api_chat_caused_by_newconnectionerror_urllib3_connection_httpconnection_object_at_0x00000190ddcd12b0_failed_to_establish_a_new_connection_winerror_10061_no_connection_could_be_made_because_the_target_machine_actively_refused_it"
283,good_room,"error_requestexception_httpconnectionpool_host_localhost, port_11434_max_retries_exceeded_with_url_api_chat_caused_by_newconnectionerror_urllib3_connection_httpconnection_object_at_0x00000190ddf34050_failed_to_establish_a_new_connection_winerror_10061_no_connection_could_be_made_because_the_target_machine_actively_refused_it"
284,bad_room,"view_rooms, have_evident_view_rooms"
284,good_room,"provided_everything_needed, no_evident_not_provided_everything_needed, bottle_of_water_in_the_room, no_evident_not_bottle_of_water_in_the_room"
285,bad_room,"error_requestexception_httpconnectionpool_host_localhost, port_11434_max_retries_exceeded_with_url_api_chat_caused_by_newconnectionerror_urllib3_connection_httpconnection_object_at_0x00000190ddc9f360_failed_to_establish_a_new_connection_winerror_10061_no_connection_could_be_made_because_the_target_machine_actively_refused_it"
287,bad_room,"smell_from_bathroom, have_evident_smell_from_bathroom, water_smell, have_evident_water_smell"
287,good_room,"clean, bed, linen, no_evident_not_clean, no_evident_not_bed, no_evident_not_linen"
289,bad_room,"error_requestexception_httpconnectionpool_host_localhost, port_11434_max_retries_exceeded_with_url_api_chat_caused_by_newconnectionerror_urllib3_connection_httpconnection_object_at_0x00000190ddd4b1d0_failed_to_establish_a_new_connection_winerror_10061_no_connection_could_be_made_because_the_target_machine_actively_refused_it"
290,good_room,"error_requestexception_httpconnectionpool_host_localhost, port_11434_max_retries_exceeded_with_url_api_chat_caused_by_newconnectionerror_urllib3_connection_httpconnection_object_at_0x00000190ddbdfdf0_failed_to_establish_a_new_connection_winerror_10061_no_connection_could_be_made_because_the_target_machine_actively_refused_it"
291,good_room,"error_requestexception_httpconnectionpool_host_localhost, port_11434_max_retries_exceeded_with_url_api_chat_caused_by_newconnectionerror_urllib3_connection_httpconnection_object_at_0x00000190ddefcd10_failed_to_establish_a_new_connection_winerror_10061_no_connection_could_be_made_because_the_target_machine_actively_refused_it"
292,bad_room,"smart_television_did_not_work, have_evident_smart_television_did_not_work"
294,good_room,"space, no_evident_not_space, comf, no_evident_not_comf, very, no_evident_not_very, nice, no_evident_not_nice, view, no_evident_not_view"
295,good_room,"new, no_evident_not_new, well_furnished, no_evident_not_well_furnished, comfortable, no_evident_not_comfortable, room_was_cleaned_every_day, no_evident_not_room_was_cleaned_every_day, wifi_is_strong_all_the_time, no_evident_not_wifi_is_strong_all_the_time"
296,bad_room,"picture_qualitypoor, sound_distorted, interface_not_user_friendly, have_evident_picture_qualitypoor, have_evident_sound_distorted, have_evident_interface_not_user_friendly, this_format_ensures_that_each_argument_is_clearly_presented_with_its_supporting_assumptions_and_corresponding_contraries, adhering_to_the_specified_conditions"
297,good_room,"refurbished_room, no_evident_not_refurbished_room, clean_room, no_evident_not_clean_room"
298,good_room,"spacious, no_evident_not_spacious, clean, no_evident_not_clean"
299,good_room,"spacious, no_evident_not_spacious, comfortable, no_evident_not_comfortable, clean, no_evident_not_clean, nice_view, no_evident_not_nice_view, newly_renovated, no_evident_not_newly_renovated, fully_functional, no_evident_not_fully_functional"
300,good_room,"very, clean, spacious, rich, well_priced, no_evident_not_very, no_evident_not_clean, no_evident_not_spacious, no_evident_not_rich, no_evident_not_well_priced"
302,good_room,"very_clean, no_evident_not_very_clean"
304,good_room,"no_evident_not_good_room, clean_room, no_evident_not_clean_room, bed_sheets_clean, no_evident_not_bed_sheets_clean, comfortable_bed, no_evident_not_comfortable_bed"
310,good_room,"very_clean, no_evident_not_very_clean"
311,good_room,"clean, nice, freshly_decorated, no_evident_not_clean, no_evident_not_nice, no_evident_not_freshly_decorated"
312,bad_room,"not_clean_enough_floor, dust_on_floor, water_does_not_drain, floods_room, have_evident_not_clean_enough_floor, have_evident_dust_on_floor, have_evident_water_does_not_drain, have_evident_floods_room, smell_like_bad_plumbing, have_evident_smell_like_bad_plumbing"
315,good_room,"clean_room, well_decorated_room, modern_room, no_evident_not_spacious, no_evident_not_comfortable, no_evident_not_very_clean, no_evident_not_nice_view"
316,good_room,"netflix, reasoning_the_room_s_cleanliness_and_tidiness_are_enhanced_by_the_addition_of_netflix, which_supports_the_claim_that_the_room_remains_good, no_evident_not_neilworth, this_structure_adheres_to_the_specified_conditions, ensuring_each_support_is_paired_with_a_contrary_statement_using_the_same_word_as_presented_in_the_original_text"
318,bad_room,"not_totally_complete_refurbishment, safety_box_didnt_work, have_evident_not_totally_complete_refurbishment, have_evident_safety_box_didnt_work"
319,bad_room,"very_clean_room, have_evident_not_very_clean_room, small_room, have_evident_not_small_room"
319,good_room,"very_clean, no_evident_not_very_clean, a_bit_small_though, no_evident_not_a_bit_small_though, spacious_bathroom, no_evident_not_spacious_bathroom, comfortable_bed, no_evident_not_comfortable_bed"
321,good_room,"organised_room, no_evident_not_organised_room, clean_room, no_evident_not_clean_room"
323,bad_room,"rooms, are, a, bit, small, have_evident_rooms, have_evident_are, have_evident_a, have_evident_bit, have_evident_small"
323,good_room,"clean, no_evident_not_clean, modern, no_evident_not_modern, comfortable, no_evident_not_comfortable, nice_amenities_fridge, no_evident_not_nice_amenities_fridge, nice_amenities_coffee_making, no_evident_not_nice_amenities_coffee_making, nice_amenities_ac, no_evident_not_nice_amenities_ac, nice_amenities_nice_balcony, no_evident_not_nice_amenities_nice_balcony, spotless, no_evident_not_spotless"
324,bad_room,"noise_from_hallway, doors_not_soundproofed, noise_at_11_12_am, have_evident_noise_from_hallway, have_evident_doors_not_soundproofed, have_evident_noise_at_11_12_am"
324,good_room,"good, no_evident_not_good, clean, no_evident_not_clean, new, no_evident_not_new"
325,good_room,"list_of_supports_and_contraries, clean_room, no_evident_not_clean_room, fresh_room, no_evident_not_fresh_room"
326,good_room,"clean_room, freshly_renovated_room, no_evident_not_clean_room, no_evident_not_freshly_renovated_room, this_format_adheres_to_all_specified_conditions, ensuring_clarity_and_correctness_in_the_aba_structure"
328,bad_room,"not_clean_enough_floor, have_evident_not_clean_enough_floor, dust_on_floor, have_evident_dust_on_floor, water_does_not_drain, have_evident_water_does_not_drain, floods_room, have_evident_floods_room, room_cramped, have_evident_room_cramped, unique_case, have_evident_unique_case, bad_odor, have_evident_bad_odor"
328,good_room,"very_clean, explanation_the_room_was_described_as_very_clean, no_evident_not_very_clean, explanation_there_is_no_evident_reason_why_the_room_wasn_t_very_clean, the_bed_was_comfortable, explanation_the_bed_in_the_room_was_described_as_comfortable, no_evident_not_the_bed_was_comfortable, explanation_there_is_no_evident_reason_why_the_bed_wasn_t_comfortable, spacious_bathroom, explanation_the_bathroom_was_described_as_spacious, no_evident_not_spacious_bathroom, explanation_there_is_no_evident_reason_why_the_bathroom_wasn_t_spacious"
331,good_room,"clean_room, no_evident_not_clean_room, fresh_room, no_evident_not_fresh_room, nice_room, no_evident_not_nice_room, peaceful_room, no_evident_not_peaceful_room"
332,bad_room,"wifi_in_the_room, have_evident_wifi_in_the_room, work_day, have_evident_work_day, strong_wifi, have_evident_strong_wifi"
332,good_room,"clean_room_no_evident_not_clean_room, comfortable_no_evident_not_comfortable"
333,bad_room,"not_clean_enough_floor, have_evident_not_clean_enough_floor, dust_on_floor, have_evident_dust_on_floor, water_does_not_drain, have_evident_water_does_not_drain, floods_room, have_evident_floods_room, small_room, have_evident_small_room"
334,good_room,"clean, no_evident_not_clean, decorated, no_evident_not_decorated, modern, no_evident_not_modern"
335,good_room,"clean_room, no_evident_not_clean_room, nice_view, no_evident_not_nice_view, modern_room, no_evident_not_modern_room, friendly_room, no_evident_not_friendly_room, well_decorated_room, no_evident_not_well_decorated_room, spacious_room, no_evident_not_spacious_room"
336,good_room,"tasteful, no_evident_not_tasteful, decorated, no_evident_not_decorated, comfy, no_evident_not_comfy"
338,bad_room,"4th_floor, have_evident_4th_floor, windows_locked, have_evident_windows_locked, balcony_doors_locked, have_evident_balcony_doors_locked"
338,good_room,"fully_stocked, no_evident_not_fully_stocked, minibar, no_evident_not_minibar, coffee, no_evident_not_coffee, tea_making_facilities, no_evident_not_tea_making_facilities"
339,good_room,"clean_rooms, no_evident_not_clean_rooms, strong_wi_fi, no_evident_not_strong_wi_fi"
340,good_room,"nice, big, balcony, no_evident_not_nice, no_evident_not_big, no_evident_not_balcony"
344,good_room,"comfort, clean, no_evident_not_comfort, no_evident_not_clean"
345,good_room,"very_modern, no_evident_not_very_modern, clean, no_evident_not_clean"
346,good_room,"space, no_evident_not_space, comf, no_evident_not_comf, cle, no_evident_not_cle, vie, no_evident_not_vie"
347,bad_room,"exceptional_cleanliness, compactness, have_evident_exceptional_cleanliness, have_evident_compactness"
347,good_room,"rooms_were_exceptionally_clean, rooms_were_compact, rooms_had_everything_needed_for_your_stay, no_evident_not_exceptionally_clean_rooms, no_evident_not_compact_rooms, no_evident_not_had_everything_needed_rooms"
349,bad_room,"slight_smell_toilet, have_evident_slight_smell_toilet"
349,good_room,"clean_room, clean, no_evident_not_clean, comfortable, no_evident_not_comfortable"
350,good_room,"lovely, no_evident_not_lovely, clean, no_evident_not_clean, comfortable, no_evident_not_comfortable"
351,good_room,"clean_room, no_evident_not_clean_room, modern_room, no_evident_not_modern_room"
352,good_room,"clean, no_evident_not_clean, good_beds, no_evident_not_good_beds"
353,bad_room,"weak_wifi, have_evident_weak_wifi"
353,good_room,"clean, comfy, balcony, no_evident_not_clean, no_evident_not_comfy, no_evident_not_balcony"
354,good_room,"clean, no_evident_not_clean, home_experience, no_evident_not_home_experience"
356,good_room,"clean_room, no_evident_not_extremely_clean, no_evident_not_very_clean, well_decorated_room, no_evident_not_nice_view, no_evident_not_beautiful_view, modern_room, extremely_clean"
362,good_room,"has_balcony, overlooks_makenzy_and_salt_lake, made_impression, no_evident_not_has_balcony, no_evident_not_overlooks_makenzy_and_salt_lake, no_evident_not_made_impression"
367,good_room,"nice_room, comfortable_beds, nice_bathroom, no_evident_not_nice_room, no_evident_not_comfortable_beds, no_evident_not_nice_bathroom"
368,good_room,"space, no_evident_not_space, comf, no_evident_not_comf, cle, no_evident_not_cle, vie, no_evident_not_vie"
369,bad_room,"tapes, have_evident_tapes, bugs, have_evident_bugs"
370,good_room,"clean_room, renovated_room, run_room, no_evident_not_clean_room, no_evident_not_renovated_room, no_evident_not_run_room"
372,bad_room,"only_3_channels_tv, have_evident_only_3_channels_tv, this_response_adheres_to_the_conditions_specified_using_short_words_for_supports, ensuring_contraries_start_with_have_evident, and_avoiding_unnecessary_adjectives_or_adverbs"
374,good_room,"clean_room, no_evident_not_clean_room, well_decorated_room, no_evident_not_well_decorated_room, modern_room, no_evident_not_modern_room, spacious_room, no_evident_not_spacious_room, comfortable_room, no_evident_not_comfortable_room, very_clean_room, no_evident_not_very_clean_room, nice_view_room, no_evident_not_nice_view_room"
375,good_room,"stylish_room, comfortable_beds, no_evident_not_stylish_room, no_evident_not_comfortable_beds"
377,good_room,"spacious, no_evident_not_spacious, comfortable, no_evident_not_comfortable, very_clean, no_evident_not_very_clean, nice_view, no_evident_not_nice_view"
378,good_room,"very_clean, comfortable, no_evident_not_very_clean, no_evident_not_comfortable"
379,good_room,"clean_rooms, no_evident_not_clean_rooms, comfortable_beds, no_evident_not_comfortable_beds"
380,good_room,"spacious, no_evident_not_spacious, quiet, no_evident_not_quiet, tidy, no_evident_not_tidy, modern_design, no_evident_not_modern_design"
382,good_room,"clean_room, no_evident_not_clean_room"
384,good_room,"spacious, comfortable, clean, view, no_evident_not_spacious, no_evident_not_comfortable, no_evident_not_clean, no_evident_not_view"
386,good_room,"spacious, no_evident_not_spacious, comfortable, no_evident_not_comfortable, completely_renovated, no_evident_not_completely_renovated, stunning, no_evident_not_stunning, brand_new_air_conditioning_systems, no_evident_not_brand_new_air_conditioning_systems, spacious_and_welldecorated, no_evident_not_spacious_and_welldecorated, this_format_ensures_each_support_is_paired_with_its_contrary, using_words_from_the_original_text_without_adding_synonyms_or_extra_opinions"
388,good_room,"clean_room, very_clean_no_evident_not_clean_room, quitte_room, quite_no_evident_not_quitte_room"
391,good_room,"clean_room, no_evident_not_clean_room, no_evident_not_well_decorated_room, no_evident_not_modern_room, nice_room, no_evident_not_nice_room"
392,good_room,"spacious, no_evident_not_spacious, comfortable, no_evident_not_comfortable, very_clean, no_evident_not_very_clean, nice_view, no_evident_not_nice_view"
393,good_room,"very_clean_room, no_evident_not_very_clean_room, modern_room, no_evident_not_modern_room"
394,good_room,"very_clean_room, no_evident_not_very_clean_room, good_quality_bed_linen_and_towels, no_evident_not_good_quality_bed_linen_and_towels, a_c, no_evident_not_a_c, flat_screen_tv, no_evident_not_flat_screen_tv"
396,good_room,"clean, no_evident_not_clean, nice, no_evident_not_nice, renovated, no_evident_not_renovated"
398,bad_room,"small, no_views, netflix_in_room, have_evident_small, have_evident_no_views, have_evident_netflix_in_room"
398,good_room,"clean_room, no_evident_not_clean_room, modern_room, no_evident_not_modern_room"
399,good_room,"clean_room, no_evident_not_clean_room_from_first_text, no_evident_not_clean_room_from_second_text, well_decorated_room, no_evident_not_well_decorated_room, modern_room, no_evident_not_modern_room, this_format_ensures_all_supports_are_listed_with_their_respective_contraries, maintaining_clarity_and_adherence_to_the_user_s_instructions"
400,bad_room,"no_drying_space, lack_of_drying_capacity, only_one_bottle_of_water_after_check_in, have_evident_no_drying_space, have_evident_lack_of_drying_capacity, have_evident_only_one_bottle_of_water_after_check_in"
401,good_room,"fresh, clean, no_evident_not_fresh_room, no_evident_not_clean_room"
402,good_room,"clean_room, no_evident_not_clean_room, spacious_room, no_evident_not_spacious_room"
404,bad_room,"rooms, too_small, have_evident_rooms, have_evident_too_small"
405,good_room,"clean_room, brand_new, very_good, no_evident_not_brand_new, no_evident_not_very_good, well_decorated_room"
406,bad_room,"broken_lock_have_evident_broken_lock, lock_not_closing_properly_have_evident_lock_not_closing_properly, noise_from_street_have_evident_noise_from_street, shower_door_touching_toilet_have_evident_shower_door_touching_toilet"
406,good_room,"modern_room, clean_room, good_bed_linen, good_furniture, no_evident_not_modern_room, no_evident_not_clean_room, no_evident_not_good_bed_linen, no_evident_not_good_furniture"
407,good_room,"nice, no_evident_not_nice, modern, no_evident_not_modern"
409,good_room,"spacious, no_evident_not_spacious, comfortable, no_evident_not_comfortable, clean, no_evident_not_clean, view, no_evident_not_view"
410,bad_room,"a_bar_for_hanging_clothes_in_the_room_was_the_only_thing_we_felt_was_missing_to_improve_our_stay, have_evident_a_bar_for_hanging_clothes_in_the_room_was_not_missing"
410,good_room,"clean, no_evident_not_clean, modern, no_evident_not_modern, new, no_evident_not_new, amazing, no_evident_not_amazing, fresh, no_evident_not_fresh, well_presented, no_evident_not_well_presented, comfortable, no_evident_not_comfortable, new_bedding, no_evident_not_new_bedding, reasonably_priced, no_evident_not_reasonably_priced, well_stocked, no_evident_not_well_stocked, perfect, no_evident_not_perfect, easy_to_use, no_evident_not_easy_to_use, great, no_evident_not_great"
412,good_room,"superbly_refurbished, high_tech_displays, clean_dnd, no_evident_not_superbly_refurbished, no_evident_not_high_tech_displays, no_evident_not_clean_dnd"
414,good_room,"clean, modern, no_evident_not_clean, no_evident_not_modern"
415,good_room,"clean, no_evident_not_clean"
417,good_room,"clean_room, no_evident_not_clean_room, fresh_room, no_evident_not_fresh_room, overnight_stay, no_evident_not_overnight_stay"
418,bad_room,"empty_bottle, have_evident_empty_bottle, uncontrolled_aircon_speed, have_evident_uncontrolled_aircon_speed, no_adapters_cy_sockets, have_evident_no_adapters_cy_sockets, too_warm_summer_night, have_evident_too_warm_summer_night"
419,good_room,"spacious_and_comfortable, no_evident_not_spacious_or_not_comfortable, very_clean_with_a_nice_view, no_evident_not_very_clean_or_not_with_a_nice_view"
422,good_room,"new, no_evident_not_new, clean, no_evident_not_clean, well_equipped, no_evident_not_well_equipped, cheap, no_evident_not_cheap"
423,good_room,"clean_room, no_evident_not_clean_room, comfortable_room, no_evident_not_comfortable_room"
424,good_room,"fits_a_family_of_five, no_evident_not_fits_a_family_of_five"
425,good_room,"excellent_room, no_evident_not_excellent_room, wheelchair_room, no_evident_not_wheelchair_room"
426,good_room,"spacious, comfortable, nice_view, lovely, soft, good, for_each_support, no_evident_not_spacious, no_evident_not_comfortable, no_evident_not_nice_view, no_evident_not_lovely, no_evident_not_soft, no_evident_not_good"
427,good_room,"spotlessly_clean_room, no_evident_not_spotlessly_clean_room, very_clean_room, no_evident_not_very_clean_room"
428,bad_room,"no_enough_pillows, have_evident_no_enough_pillows"
428,good_room,"clean, no_evident_not_clean"
429,bad_room,"bed_was_very_soft, have_evident_bed_not_very_soft, bed_was_very_uncomfortable, have_evident_bed_not_very_uncomfortable"
430,bad_room,"here_s_the_structured_aba_style_argument_based_on_your_text, windows_need_to_be_closed, closing_windows_stops_the_view, have_evident_windows_need_not_be_closed, have_evident_closing_windows_does_not_stop_the_view"
431,good_room,"large, no_evident_not_large_room, nice_balcony, no_evident_not_nice_balcony_room"
432,good_room,"clean_room, comfortable_room, no_evident_not_clean_room, no_evident_not_comfortable_room, good_balcony, no_evident_not_good_balcony_room"
433,bad_room,"shower_inconveniently_placed, have_evident_shower_inconveniently_placed, mess_due_to_insufficient_coverage, have_evident_mess_due_to_insufficient_coverage, edges_need_replacement, have_evident_edges_need_replacement, bin_is_rusty, have_evident_bin_is_rusty, mirror_weirdly_placed, have_evident_mirror_weirdly_placed, placement_of_curtains, have_evident_placement_of_curtains"
433,good_room,"the_size_of_the_room_was_good, no_evident_not_good, the_bed_was_comfortable, no_evident_not_comfortable"
434,bad_room,"smell, have_evident_smell"
436,bad_room,"size_of_room_is_small, have_evident_size_of_room_is_small, no_space_for_furniture, have_evident_no_space_for_furniture, no_sitting_area, have_evident_no_sitting_area, terrace_with_sun_problems, have_evident_terrace_with_sun_problems"
436,good_room,"perfectly, no_evident_not_perfectly"
437,bad_room,"rooms_were_a_bit_small, for_a_suite, have_evident_rooms_were_a_bit_small, have_evident_for_a_suite"
437,good_room,"clean_room, no_evident_not_clean_room, comfortable_beds, no_evident_not_comfortable_beds"
438,bad_room,"duvet_uncomfortable, no_simple_sheets, windows_no_soundproofing, hair_dryer_unavailable, kettle_unavailable, have_evident_duvet_uncomfortable, have_evident_no_simple_sheets, have_evident_windows_no_soundproofing, have_evident_hair_dryer_unavailable, have_evident_kettle_unavailable, this_format_adheres_to_your_requirements, ensuring_that_each_support_is_paired_with_its_corresponding_contrary_and_that_all_vocabulary_is_taken_directly_from_the_original_text"
438,good_room,"spacious, no_evident_not_spacious, clean, no_evident_not_clean"
439,bad_room,"not_clean_enough_floor, dust_on_floor, water_does_not_drain, floods_room, room_small, have_evident_not_clean_enough_floor, have_evident_dust_on_floor, have_evident_water_does_not_drain, have_evident_floods_room, have_evident_room_small"
440,bad_room,"room_was_cleaned_superficially, room_is_medium_clean, hair_remains_on_room, have_evident_room_was_cleaned_superficially, have_evident_room_is_medium_clean, have_evident_hair_remains_on_room"
440,good_room,"modern, no_evident_not_modern"
441,bad_room,"cold, does_not_have_evident_cold"
441,good_room,"perfect, no_evident_not_perfect"
442,bad_room,"cold_room, have_evident_cold_room"
443,good_room,"spacious, no_evident_not_spacious, clean, no_evident_not_clean, good_view, no_evident_not_good_view"
444,good_room,"nice, no_evident_not_not_nice, very_clean, no_evident_not_very_clean"
447,bad_room,"uncomfortable_bed_pillows, not_working_telly, have_evident_uncomfortable_bed_pillows, have_evident_not_working_telly"
448,bad_room,"complimentary_coffee_tea_in_our_bedroom_was_not_replenished_after_the_first_night, complimentary_coffee_or_tea_in_bedroom_was_not_replenished_after_the_first_night, have_evident_complimentary_coffee_or_tea_in_bedroom_was_not_replenished_after_the_first_night, only_one_coffee_sachet_for_a_double_room, have_evident_only_one_coffee_sachet_for_a_double_room, whatever_was_used_from_the_fridge_was_also_not_replenished, have_evident_whatever_was_used_from_the_fridge_was_also_not_replenished, there_were_no_thin_curtains_to_allow_for_some_light_to_come_through_into_the_bedroom_and_so_you_had_to_draw_the_thick_curtains_if_you_wanted_privacy, no_thin_curtains_to_allow_for_some_light_to_come_through_into_the_bedroom_and_so_you_had_to_draw_the_thick_curtains_if_you_wanted_privacy, have_evident_no_thin_curtains_to_allow_for_some_light_to_come_through_into_the_bedroom_and_so_you_had_to_draw_the_thick_curtains_if_you_wanted_privacy"
448,good_room,"clean_room, no_evident_not_clean_room, comfortable_bed, no_evident_not_comfortable_bed"
450,good_room,"and_contraries, spacious_room, no_evident_not_spacious_room, comfortable_room, no_evident_not_comfortable_room, clean_room, no_evident_not_clean_room, nice_view, no_evident_not_nice_view"
451,bad_room,"uncomfortable_situation, have_evident_uncomfortable_situation, twin_beds_provided, have_evident_twin_beds_provided, pillows_not_comfortable, have_evident_pillows_not_comfortable, wet_floor, have_evident_wet_floor, property_great_potential, have_evident_property_great_potential"
453,bad_room,"safe_work, have_evident_safe_work, back_door_balcony_wouldn_t_lock, have_evident_back_door_balcony_wouldn_t_lock, no_disturbance_sign_would_not_work, have_evident_no_disturbance_sign_would_not_work, opinion_very_noisy_guests"
455,bad_room,"aircon_strong, have_evident_aircon_strong, opened_windows, have_evident_opened_windows, noisy_room, have_evident_noisy_room, quiet_room_contrary, have_evident_quiet_room, big_mistake, have_evident_big_mistake"
455,good_room,"clean, no_evident_not_clean, pictures_are_accurate, no_evident_not_pictures_are_accurate"
456,bad_room,"lock_to_bathroom, have_evident_lock_to_bathroom, shower_glass_door, have_evident_shower_glass_door, inside, have_evident_inside, else, have_evident_else, bad_wifi, have_evident_bad_wifi"
456,good_room,"maintained_room, no_evident_not_maintained_room, well_maintained_room, no_evident_not_well_maintained_room, rooms_are_very_well_maintained, no_evident_not_rooms_are_very_well_maintained"
457,bad_room,"not_comfy_furnished_room, have_evident_not_comfy_furnished_room"
458,bad_room,"noisy, have_evident_noisy, probably_renovation_work_was_in_progress_so_some_items_were_not_ready, have_evident_probably_renovation_work_was_in_progress_so_some_items_were_not_ready, some_items_were_not_ready, have_evident_some_items_were_not_ready, there_is_no_rod_for_hangers_in_the_wardrobe, have_evident_there_is_no_rod_for_hangers_in_the_wardrobe, the_safe_was_not_fixed, have_evident_the_safe_was_not_fixed"
459,bad_room,"no_working_tv, have_evident_no_working_tv"
459,good_room,"comfortable_bed, no_evident_not_comfortable_bed, very_new_room, no_evident_not_very_new_room, very_comfortable_room, no_evident_not_very_comfortable_room"
460,bad_room,"no_cleaning_service, have_evident_no_cleaning_service, no_emptying_garbage_cans, have_evident_no_emptying_garbage_cans, had_to_ask_for_fresh_towels, have_evident_had_to_ask_for_fresh_towels, no_hangers_for_clothes_in_the_closet, have_evident_no_hangers_for_clothes_in_the_closet"
460,good_room,"clean_room, no_evident_not_clean_room"
461,bad_room,"plumbing_complication, have_evident_plumbing_complication"
462,good_room,"clean, no_evident_not_clean, mod, no_evident_not_mod"
463,good_room,"clean_room, spacious, comfortable, very_clean, no_evident_not_spacious_room, no_evident_not_comfortable_room, no_evident_not_very_clean_room, nice_view, no_evident_not_nice_view"
464,bad_room,"no_fan_in_bathroom, opening_window_required, have_evident_no_fan_in_bathroom, have_evident_opening_window_required"
464,good_room,"nice, clean, set_up, no_evident_not_nice, no_evident_not_clean, no_evident_not_set_up"
465,good_room,"clean_room, clean, no_evident_not_clean, well_decorated_room, well_decorated, no_evident_not_well_decorated, modern_room, modern, no_evident_not_modern, fresh, no_evident_not_fresh"
468,good_room,"spac, no_evident_not_spac, comf, no_evident_not_comf, veryclean, no_evident_not_veryclean, nic_view, no_evident_not_nic_view"
469,good_room,"spacious, no_evident_not_spacious, comfortable, no_evident_not_comfortable, very_clean, no_evident_not_very_clean, nice_view, no_evident_not_nice_view, updated, no_evident_not_updated, clean, no_evident_not_clean"
470,good_room,"clean_room, spacious, comfortable, spacious_no_evident_not_spacious_room, comfortable_no_evident_not_comfortable_room"
471,good_room,"clean, modern_room, comfortable_bed, good_shower, no_evident_not_clean, no_evident_not_modern_room, no_evident_not_comfortable_bed, no_evident_not_good_shower"
473,good_room,"very_nice, no_evident_not_nice, clean, no_evident_not_clean"
474,good_room,"clean, smart_devices, no_evident_not_clean, no_evident_not_smart_devices"
475,bad_room,"not_cleaned, dusty, water_does_not_drain, floods, have_evident_not_cleaned, have_evident_dusty, have_evident_water_does_not_drain, have_evident_floods"
476,good_room,"spacious, no_evident_not_spacious, comfortable, no_evident_not_comfortable, clean, no_evident_not_clean, nice, no_evident_not_nice"
477,good_room,"clean_room_spacious_and_comfortable_with_a_nice_view, no_evident_not_clean_room, well_decorated_room_very_clean_with_a_nice_view, no_evident_not_well_decorated_room, modern_room_very_clean_with_a_nice_view, no_evident_not_modern_room"
478,good_room,"spac, no_evident_not_no_evid_not_spac, comf, no_evident_not_no_evid_not_comf, v_cln, no_evident_not_no_evid_not_v_cln, nv_wv, no_evident_not_no_evid_not_nv_wv"
479,good_room,"furnished, no_evident_not_furnished, balcony_with_courtyard, no_evident_not_balcony_with_courtyard, balcony_with_street_view, no_evident_not_balcony_with_street_view"
482,bad_room,"not_soundproofed, have_evident_not_soundproofed, enough, have_evident_enough"
482,good_room,"clean, very_clean, nice_view, no_evident_not_clean, no_evident_not_very_clean, no_evident_not_nice_view"
483,bad_room,"noise, have_evident_noise, showered_at_any_time_of_the_day, have_evident_showered_at_any_time_of_the_day, made_unpleasant_noise, have_evident_made_unpleasant_noise, problems_with_sealing_and_closing_of_the_window, have_evident_problems_with_sealing_and_closing_of_the_window"
484,bad_room,"small_room, have_evident_small_room"
484,good_room,"room, no_evident_not_room, clean, no_evident_not_clean"
486,bad_room,"only_slight_flaw, water_in_shower, evening, have_evident_only_slight_flaw, have_evident_water_in_shower, have_evident_evening"
486,good_room,"very_clean, no_evident_not_very_clean, very_spacious, no_evident_not_very_spacious, excellent, no_evident_not_excellent"
489,good_room,"nice_room, comfortable_room, no_evident_not_nice_room, no_evident_not_comfortable_room"
491,bad_room,"noise, have_evident_noise, poorly_soundproofed_rooms, have_evident_poorly_soundproofed_rooms, we_hear_the_neighbors_moving, have_evident_we_hear_the_neighbors_moving"
491,good_room,"practical_room, balcony_in_each_room, no_evident_not_practical_room, no_evident_not_balcony_in_each_room"
492,bad_room,"bed_duvet_thick, suffocation_underneath, very_hard_bed, noisy_due_to_heavy_tiling, have_evident_bed_duvet_thick, have_evident_suffocation_underneath, have_evident_very_hard_bed, have_evident_noisy_due_to_heavy_tiling"
493,good_room,"nice, clean, neat, no_evident_not_nice, no_evident_not_clean, no_evident_not_neat"
497,good_room,"spacious_no_evident_not_spacious, clean_no_evident_not_clean"
499,good_room,"clean_room, no_evident_not_clean_room, cozy_room, no_evident_not_cozy_room"
500,bad_room,"not_cleaned_enough_floor, have_evident_not_cleaned_enough_floor, dusty_floor, have_evident_dusty_floor, water_does_not_drain, have_evident_water_does_not_drain, floods_room, have_evident_floods_room"
501,good_room,"simple_room, comfortable_room, no_evident_not_simple_room, no_evident_not_comfortable_room"
503,good_room,"restful, no_evident_not_restful, pleasant, no_evident_not_pleasant, clean, no_evident_not_clean, renovated, no_evident_not_renovated, comfortable_from_the_bed_is_comfortable, no_evident_not_comfortable, shower_from_so_is_the_shower, no_evident_not_shower"
505,good_room,"modern_room, no_evident_not_modern_room, furnished_room, no_evident_not_furnished_room"
506,good_room,"clean_no_evident_not_clean, well_decorated_no_evident_not_well_decorated, modern_no_evident_not_modern"
507,good_room,"clean_room, well_decorated_room, modern_room, no_evident_not_clean_room, no_evident_not_well_decorated_room, no_evident_not_modern_room, spacious, comfortable, very_clean, nice_view, no_evident_not_spacious, no_evident_not_comfortable, no_evident_not_very_clean, no_evident_not_nice_view"
510,bad_room,"cramped, has_evident_cramped_third_bed_for_a_child, minimalist_room_accessories, has_evident_minimalist_room_accessories"
510,good_room,"clean, no_evident_not_clean"
512,good_room,"very_clean, no_evident_not_very_clean"
513,bad_room,"tight_room, suitable_night, have_evident_tight_room, have_evident_suitable_night"
514,good_room,"clean_room, no_evident_not_clean_room, well_decorated_room, no_evident_not_well_decorated_room, modern_room, no_evident_not_modern_room, spacious_room, no_evident_not_spacious_room, comfortable_room, no_evident_not_comfortable_room, nice_view_room, no_evident_not_nice_view_room"
521,bad_room,"here_are_the_supports_and_their_corresponding_contraries_based_on_the_given_text, following_all_specified_conditions, air_conditioner_does_not_cool_enough, have_evident_air_conditioner_does_not_cool_enough, this_structure_adheres_to_the_requirements_of_using_short_words_without_adjectives_or_adverbs, ensuring_each_support_is_accompanied_by_a_contrary_statement_starting_with_have_evident, and_avoiding_any_use_of_synonyms_or_additional_opinions"
521,good_room,"clean, no_evident_not_clean, organized, no_evident_not_organized, nothing_missing, no_evident_not_nothing_missing, pleasant_balcony, no_evident_not_pleasant_balcony, comfortable_mattress, no_evident_not_comfortable_mattress"
524,good_room,"spacious, comfortable, very_clean, nice_view, no_evident_not_spacious, no_evident_not_comfortable, no_evident_not_very_clean, no_evident_not_nice_view"
525,good_room,"spacious, no_evident_not_spacious, comfortable, no_evident_not_comfortable, very_clean, no_evident_not_very_clean, nice_view, no_evident_not_nice_view"
529,bad_room,"separated_rooms_with_plasterboards, have_evident_not_separated_rooms_with_plasterboards, could_refurbish_these, have_evident_could_not_refurbish_these, set_of_shampoo_etc_for_the_bathroom, have_evident_set_of_shampoo_etc_does_not_for_the_bathroom"
529,good_room,"the_room_is_clean, no_evident_not_clean, the_room_has_modern_furniture, no_evident_not_modern_furniture"
531,good_room,"clean, tidy, comfortable, beautiful, no_evident_not_clean, no_evident_not_tidy, no_evident_not_comfortable, no_evident_not_beautiful"
532,good_room,"clean_room, well_decorated_room, modern_room, no_evident_not_clean_room, no_evident_not_well_decorated_room, no_evident_not_modern_room, large_room, very_clean_room, nice_view"
538,bad_room,"small_room, stay_longer, have_evident_small_room, have_evident_stay_longer"
540,bad_room,"smaller, have_evident_smaller, average, have_evident_average"
540,good_room,"soft_bed, no_evident_not_soft_bed, soft_pillows, no_evident_not_soft_pillows, large_bathroom, no_evident_not_large_bathroom, large_shower, no_evident_not_large_shower"
541,good_room,"clean, no_evident_not_clean, upholstery, no_evident_not_upholstery, furniture, no_evident_not_furniture"
543,good_room,"room_was_recently_refurbished, no_evident_not_recently_refurbished, clean, no_evident_not_clean, welldecorated, no_evident_not_welldecorated, modern, no_evident_not_modern"
547,good_room,"spacious, no_evident_not_spacious, comfortable, no_evident_not_comfortable, clean, no_evident_not_clean, view, no_evident_not_view"
550,good_room,"big, very_clean, balcony, no_evident_not_big, no_evident_not_very_clean, no_evident_not_balcony"
552,good_room,"pleasant, clean, comfortable, no_evident_not_pleasant, no_evident_not_clean, no_evident_not_comfortable"
553,good_room,"spacious, comfortable, no_evident_not_spacious_room, no_evident_not_comfortable_room"
554,good_room,"very_clean, very_comfortable, brand_new, no_evident_not_very_clean, no_evident_not_very_comfortable, no_evident_not_brand_new"
555,bad_room,"could_be_opened, have_evident_could_be_opened, less_comfortable, have_evident_less_comfortable, together, have_evident_together, less_convenient, have_evident_less_convenient"
555,good_room,"clean, no_evident_not_clean_room, pleasant, no_evident_not_pleasant_room, comfortable, no_evident_not_comfortable_room, has_kettle, no_evident_not_has_kettle_room, has_fridge, no_evident_not_has_fridge_room"
556,bad_room,"problematic_bed, unstable, have_evident_problematic_bed, have_evident_unstable"
556,good_room,"lovely_room, no_evident_not_lovely_room, clean_room, no_evident_not_clean_room, enough_for_a_family_with_3_children, no_evident_not_enough_for_a_family_with_3_children, two_rooms, no_evident_not_two_rooms"
557,good_room,"spacious_no_evident_not_spacious, comfortable_no_evident_not_comfortable, very_clean_no_evident_not_very_clean, nice_view_no_evident_not_nice_view"
558,good_room,"spacious, comfortable, very_clean, nice_view, no_evident_not_spacious, no_evident_not_comfortable, no_evident_not_very_clean, no_evident_not_nice_view"
560,bad_room,"no_hot_water, have_evident_no_hot_water, each_support_and_contrary_pair_uses_the_same_word_from_the_original_text_no_hot_water_while_adhering_to_the_specified_format"
561,good_room,"clean, no_evident_not_clean"
562,bad_room,"cold_water, have_evident_cold_water"
562,good_room,"clean, no_evident_not_clean"
564,good_room,"spotless, no_evident_not_spotless, musky_implying_cleanliness, no_evident_not_musky, 4_bed_room, no_evident_not_4_bed_room"
565,good_room,"comfortable, no_evident_not_comfortable, clean, no_evident_not_clean, cleaned_every_day, no_evident_not_cleaned_every_day"
569,good_room,"spacious, no_evident_not_spacious, comfortable, no_evident_not_comfortable, very_clean, no_evident_not_very_clean, nice_view, no_evident_not_nice_view, new, no_evident_not_new, clean, no_evident_not_clean, smart_technology, no_evident_not_smart_technology, electronic_buttons, no_evident_not_electronic_buttons, bell, no_evident_not_bell, remote_control, no_evident_not_remote_control"
570,good_room,"everything, clean, no_evident_not_everything, no_evident_not_clean"
573,bad_room,"blue_light, interferes_with_sleeping, have_evident_blue_light, have_evident_interferes_with_sleeping, have_evident_open_window, have_evident_causes_disturbances"
573,good_room,"calm_and_comfort_of_the_bedsding, no_evident_not_calm_and_comfort_of_the_bedsding, balcony, no_evident_not_balcony, spacious_room, no_evident_not_spacious_room"
576,bad_room,"air_conditioning_has_poor_regeneration, cold, heat, have_evident_air_conditioning_has_poor_regeneration, have_evident_cold, have_evident_heat"
578,bad_room,"bottle_of_water, expected_bottles_for_six, have_evident_bottle_of_water, have_evident_expected_bottles_for_six"
578,good_room,"good, firm, nice, air_conditioning, for_good_no_evident_not_good, for_firm_no_evident_not_firm, for_nice_no_evident_not_nice, for_air_conditioning_no_evident_not_air_conditioning"
581,good_room,"super_clean, no_evident_not_super_clean"
582,good_room,"comfort_of_the_room_the_room_is_comfortable_no_evident_notcomfortable_room, layout_of_the_room_the_layout_is_good_no_evident_notgood_layout"
583,good_room,"spacious, no_evident_not_spacious, comfortable, no_evident_not_comfortable"
585,good_room,"clean_room_no_evident_not_clean, chic_furnishings_no_evident_not_chic"
587,good_room,"clean_room, spacious_room, comfortable_room, very_clean_room, nice_view, for_spacious_room_no_evident_not_spacious_room, for_comfortable_room_no_evident_not_comfortable_room, for_very_clean_room_no_evident_not_very_clean_room, for_nice_view_no_evident_not_nice_view"
589,good_room,"clean_no_evident_not_clean, good_quality_bedding_no_evident_not_good_quality_bedding, size_of_the_room_no_evident_not_size_of_the_room, bottle_of_water_available_no_evident_not_bottle_of_water_available"
590,bad_room,"crisp_white_linens, have_evident_not_crisp_white_linens, small_but_cozy_and_very_clean_room, have_evident_not_small_but_cozy_and_very_clean_room"
590,good_room,"crisp_white_linens, no_evident_not_crisp_white_linens, small_room, no_evident_not_small_room, cozy_room, no_evident_not_cozy_room"
594,bad_room,"uncomfortable_folding_bed, have_evident_uncomfortable_folding_bed"
596,good_room,"clean_room, cheap_room, modern_room, no_evident_not_clean_room, no_evident_not_cheap_room, no_evident_not_modern_room"
597,bad_room,"small_bathroom, have_evident_small_bathroom, still_ok, have_evident_still_ok"
597,good_room,"modern_room, renovated_room, comfortable_beds, no_evident_not_modern_room, no_evident_not_renovated_room, no_evident_not_comfortable_beds"
599,bad_room,"the_room_is_small, have_evident_the_room_is_not_small, everything_is_new, have_evident_everything_is_not_new, everything_is_very_clean, have_evident_everything_is_not_very_clean, not_a_comfortable_cot, have_evident_a_comfortable_cot_exists, 12_month_old_child_was_very_cramped, have_evident_a_12_month_old_child_is_not_very_cramped"
599,good_room,"small_room, no_evident_not_small_room, new_room, no_evident_not_new_room, very_clean_room, no_evident_not_very_clean_room, comfortable_double_bed, no_evident_not_comfortable_double_bed, crisp_white_linen, no_evident_not_crisp_white_linen, side_sea_view, no_evident_not_side_sea_view"
600,bad_room,"small_hotel, clean_hotel, cozy_hotel, modern_hotel, have_evident_small_hotel, have_evident_not_clean_hotel, have_evident_cozy_hotel, have_evident_not_cozy_hotel, have_evident_modern_hotel, have_evident_not_modern_hotel"
600,good_room,
602,good_room,"spacious, comfortable, clean, view, no_evident_not_spacious, no_evident_not_comfortable, no_evident_not_clean, no_evident_not_view"
603,bad_room,"poor_image_quality, have_evident_poor_image_quality"
605,good_room,"clean_room, well_decorated_room, modern_room, no_evident_not_clean_room, no_evident_not_well_decorated_room, no_evident_not_modern_room"
607,bad_room,"not_sealed_off_from_corridor, have_evident_not_sealed_off_from_corridor, somewhat_small_and_sterile_rooms, have_evident_somewhat_small_and_sterile_rooms"
607,good_room,"clean, no_evident_not_clean, small, no_evident_not_small"
608,bad_room,"here_s_the_text_in_aba_format_based_on_your_conditions, none_no_explicit_points_provided, none, if_you_need_to_create_a_support_and_contrary_for_the_view_from_my_room, here_s_an_example, the_view_from_my_room, have_evident_the_view_from_my_room"
608,good_room,"clean_room, no_evident_not_clean_room, comfortable_room, no_evident_not_comfortable_room"
609,bad_room,"size_of_room_just_enough_for_one_night, lack_of_space, have_evident_size_of_room_just_enough_for_one_night, have_evident_lack_of_space"
609,good_room,"modern_room, large_bed, comfortable_bed, good_shower, quiet_room, easy_setup, very_clean_room, no_evident_not_modern_room, no_evident_not_large_bed, no_evident_not_comfortable_bed, no_evident_not_good_shower, no_evident_not_quiet_room, no_evident_not_easy_setup, no_evident_not_very_clean_room"
611,good_room,"spacious, no_evident_not_spacious, comfortable, no_evident_not_comfortable, very_clean, no_evident_not_very_clean, nice_view, no_evident_not_nice_view"
612,good_room,"nice, furnished, no_evident_not_nice, no_evident_not_furnished"
613,bad_room,"no_balcony, lack_a_balcony, have_evident_no_balcony, have_evident_lack_a_balcony"
613,good_room,"comfortable_bed, no_evident_not_comfortable_bed"
614,bad_room,"not_having_2_small_bottles_of_water_in_the_room, have_evident_not_having_2_small_bottles_of_water_in_the_room"
614,good_room,"spacious, no_evident_not_spacious, comfortable, no_evident_not_comfortable"
615,good_room,"quiet, no_evident_not_quiet, clean, no_evident_not_clean"
618,good_room,"cleanliness, space, comfortable, very_clean, nice_view, no_evident_not_clean, no_evident_not_spacious, no_evident_not_comfortable, no_evident_not_very_clean, no_evident_not_nice_view"
620,good_room,"has_no_evident_not_has, everything_no_evident_not_everything"
622,bad_room,"no_balcony, have_evident_no_balcony"
622,good_room,"clean, modern, no_evident_not_clean, no_evident_not_modern"
623,bad_room,"noisy_air_conditioning, have_evident_noisy_air_conditioning"
624,good_room,"spacious, no_evident_not_spacious, comfortable, no_evident_not_comfortable, clean, no_evident_not_clean, view, no_evident_not_view"
626,good_room,"clean_room, no_evident_not_clean_room, air_conditioned_room, no_evident_not_air_conditioned_room, balcony, no_evident_not_balcony, mini_bar, no_evident_not_mini_bar"
628,good_room,"clean_room, very_clean, no_evident_not_very_clean, clean, no_evident_not_clean"
630,bad_room,"weak_wifi, wifi_times, have_evident_weak_wifi, have_evident_wifi_times"
631,good_room,"very_new, clean, quite_modern, no_evident_not_very_new, no_evident_not_clean, no_evident_not_quite_modern"
632,good_room,"furnished, no_evident_not_furnished, clean, no_evident_not_clean"
633,good_room,"clean_room, no_evident_not_clean_room, no_evident_not_well_decorated_room, no_evident_not_modern_room, no_evident_not_spacious_room, no_evident_not_comfortable_room, no_evident_not_very_clean_room, no_evident_not_nice_view"
637,good_room,"clean_room, very_clean, no_evident_not_very_clean, well_decorated_room, nice_view, no_evident_not_nice_view"
638,good_room,"clean_room, spacious, comfortable, spacious_no_evident_not_spacious_room, comfortable_no_evident_not_comfortable_room"
639,good_room,"clean_room, small_room, no_evident_not_small_room, no_evident_not_beautiful_room, no_evident_not_clean_room"
640,bad_room,"humid_air_in_room, have_evident_humid_air_in_room, air_conditioning_did_not_work_properly, have_evident_air_conditioning_did_not_work_properly"
640,good_room,"very_clean, no_evident_not_very_clean"
641,good_room,"clean, no_evident_not_clean, nice, no_evident_not_nice, balcony, no_evident_not_balcony"
643,good_room,"spacious, comfortable, clean, no_evident_not_spacious, no_evident_not_comfortable, no_evident_not_clean"
644,bad_room,"lack_of_hair_dryer, have_evident_no"
644,good_room,"clean, no_evident_not_clean, comfortable, no_evident_not_comfortable, tea, no_evident_not_tea, coffee, no_evident_not_coffee"
646,good_room,"great, no_evident_not_great, bed, no_evident_not_bed, wonderful, no_evident_not_wonderful, shower_is_wonderful, no_evident_not_shower_is_wonderful, air_conditioner_works, no_evident_not_air_conditioner_works"
647,good_room,"spacious, comfortable, very_clean, nice_view, no_evident_not_spacious, no_evident_not_comfortable, no_evident_not_very_clean, no_evident_not_nice_view"
649,bad_room,"small, have_evident_small, spacious, have_evident_spacious"
649,good_room,"clean_room, no_evident_not_clean_room, comfortable_room, no_evident_not_comfortable_room"
650,bad_room,"soap_in_shower, no_shower_gel, have_evident_no_soap_in_shower, have_evident_has_shower_gel"
650,good_room,"clean, no_evident_not_clean, comfortable_mattress, no_evident_not_comfortable_mattress, excellent, no_evident_not_excellent"
652,good_room,"clean_room, spacious_room, no_evident_not_spacious_room, comfortable_room, no_evident_not_comfortable_room, very_clean_room, no_evident_not_very_clean_room, nice_view_room, no_evident_not_nice_view_room"
653,good_room,"comfortable, great, no_evident_not_comfortable, no_evident_not_great"
654,bad_room,"plenty, have_evident_not_plenty, distorted_image, have_evident_not_distorted_image"
654,good_room,"clean_room, no_evident_not_clean_room, comfortable_room, no_evident_not_comfortable_room, soft_bed, no_evident_not_soft_bed"
655,good_room,"equipped, clean, comfortable, no_evident_not_equipped, no_evident_not_clean, no_evident_not_comfortable"
656,good_room,"clean, no_evident_not_clean"
657,good_room,"spacious, comfortable, clean, nice, no_evident_not_spacious, no_evident_not_comfortable, no_evident_not_clean, no_evident_not_nice"
659,good_room,"clean_room, top_notch_cleanliness, cleaned_every_day, down_to_the_taps, towels, white_beds_innen, no_evident_not_clean_room, no_evident_not_top_notch_cleanliness, no_evident_not_cleaned_every_day, no_evident_not_down_to_the_taps, no_evident_not_towels, no_evident_not_white_beds_innen"
660,good_room,"equipped, no_evident_not_equipped, well, no_evident_not_well"
661,bad_room,"small, have_evident_small, modern, have_evident_modern"
661,good_room,"small_rooms, modern_rooms, bed, very_good_bathroom, no_evident_not_small_rooms, no_evident_not_modern_rooms, no_evident_not_bed, no_evident_not_very_good_bathroom"
663,good_room,"peace, no_evident_not_peace, modern, no_evident_not_modern, comfortable, no_evident_not_comfortable, clean, no_evident_not_clean, large, no_evident_not_large, welcome_pack, no_evident_not_welcome_pack"
664,good_room,"spacious_room, comfortable_room, very_clean_room, no_evident_not_spacious_room, no_evident_not_comfortable_room, no_evident_not_very_clean_room"
665,bad_room,"soft_beds, plastic_beds, have_evident_soft_beds, have_evident_plastic_beds"
666,bad_room,"uncomfortable_bed, have_evident_uncomfortable_bed"
667,good_room,"clean_room, no_evident_not_clean_room, new_room, no_evident_not_new_room, perfect_bed_and_towels, no_evident_not_perfect_bed_and_towels"
669,good_room,"nice_room, kettle, microwave, spacious_bath, view_of_beautiful_houses, no_evident_not_nice_room, no_evident_not_kettle, no_evident_not_microwave, no_evident_not_spacious_bath, no_evident_not_view_of_beautiful_houses"
670,bad_room,"street_side_rooms_are_noisier, back_rooms_are_quiet, have_evident_street_side_rooms_are_noisier, have_evident_back_rooms_are_quiet"
670,good_room,"clean_room, no_evident_not_clean_room, design_room, no_evident_not_design_room"
675,good_room,"comfortable_mattresses, no_evident_not_comfortable_mattresses, fridge, no_evident_not_fridge, kettle, no_evident_not_kettle, modern_new_equipment, no_evident_not_modern_new_equipment"
676,bad_room,"no_door_or_curtain, have_evident_no_door_or_curtain, wifi_enough_for_phone, have_evident_wifi_enough_for_phone, wifi_not_enough_for_laptop, have_evident_wifi_not_enough_for_laptop"
676,good_room,"has_refrigerator, has_kettle, has_mugs_small, has_safe, has_tv_with_2_channels_in_the_local_language_n_and_nflix_and_browser, no_evident_not_has_refrigerator, no_evident_not_has_kettle, no_evident_not_has_mugs_small, no_evident_not_has_safe, no_evident_not_has_tv_with_2_channels_in_the_local_language_n_and_nflix_and_browser"
679,bad_room,"noise, have_evident_noise, hallway, have_evident_hallway"
679,good_room,"superb_room, no_evident_not_superb_room, room, no_evident_not_room, bathroom, no_evident_not_bathroom, balcony, no_evident_not_balcony, very_comfortable, no_evident_not_very_comfortable"
682,bad_room,"liquid_soap_have_evident_liquid_soap, shampoos_have_evident_shampoos, gels_have_evident_gels"
685,good_room,"spacious, comfortable, no_evident_not_spacious, no_evident_not_comfortable"
686,good_room,"spacious, no_evident_not_spacious, comfortable, no_evident_not_comfortable, clean, no_evident_not_clean, view, no_evident_not_view"
690,bad_room,"thin_walls, very_thin_walls, have_evident_thin_walls, have_evident_very_thin_walls"
691,good_room,"very_clean, no_evident_not_very_clean"
693,good_room,"space, no_evident_not_space, comfort, no_evident_not_comfort, clean, no_evident_not_clean, view, no_evident_not_view"
694,bad_room,"small, have_evident_small, 3_beds_at_18_meters, have_evident_3_beds_at_18_meters"
694,good_room,"clean_room, well_decorated_room, modern_room, no_evident_not_clean_room, no_evident_not_well_decorated_room, no_evident_not_modern_room, no_evident_not_new_supports_and_contraries_from_the_new_text, no_evident_not_tidy_room"
695,good_room,"spacious_room, comfortable_room, very_clean_room, for_each_support, no_evident_not_spacious_room, no_evident_not_comfortable_room, no_evident_not_very_clean_room"
697,good_room,"very_clean, fresh, comfortable, new, cleaning_every_day, no_evident_not_very_clean, no_evident_not_fresh, no_evident_not_comfortable, no_evident_not_new, no_evident_not_cleaning_every_day"
698,bad_room,"electric_kettle_didnt_seeming_to_work, have_evident_electric_kettle_didnt_seeming_to_work"
700,bad_room,"small_room, have_evident_small_room, one_nescafe_bag, have_evident_one_nescafe_bag, no_curtain_in_bathroom, have_evident_no_curtain_in_bathroom"
700,good_room,"here_s_the_text_in_assumption_based_argumentation_aba_format_based_on_your_conditions, good_bed, excellent_cleaning, no_evident_not_good_bed, no_evident_not_excellent_cleaning"
702,bad_room,"room, have_evident_room, small"
703,good_room,"clean_room, clean_no_evident_not_clean, comfortable_room, comfortable_no_evident_not_comfortable"
705,good_room,"clean_no_evident_not_clean, tidy_no_evident_not_tidy"
707,bad_room,"small_room_for_a_family, small_room, room_for_a_family, have_evident_small_room_for_a_family, have_evident_small_room, have_evident_room_for_a_family"
707,good_room,"renovated, no_evident_not_renovated, soft_from_soft_blankets, no_evident_not_soft"
712,good_room,"spacious_room, comfortable_room, clean_room, no_evident_not_spacious_room, no_evident_not_comfortable_room, no_evident_not_clean_room"
714,good_room,"quiet, no_evident_not_quiet, spacious, no_evident_not_spacious"
716,bad_room,"lack_of_adapters, sockets, have_evident_lack_of_adapters, have_evident_sockets"
716,good_room,"new_room, no_evident_not_new_room, clean_room, no_evident_not_clean_room"
718,bad_room,"not_clean_enough_floor_have_evident_not_clean_enough_floor, dust_on_floor_have_evident_dust_on_floor, water_does_not_drain_have_evident_water_does_not_drain, floods_room_have_evident_floods_room"
719,good_room,"here_are_the_supports_and_their_corresponding_contraries_based_on_the_given_text, super_clean_room, no_evident_not_super_clean_room, modern_room, no_evident_not_modern_room, nice_view_or_balcony_room, no_evident_not_nice_view_or_balcony_room, wonderful_air_conditioning_room, no_evident_not_wonderful_air_conditioning_room, convenience_air_conditioning_room, no_evident_not_convenience_air_conditioning_room"
720,good_room,"here_are_the_supports_and_their_corresponding_contraries_for_the_claim, spacious, no_evident_not_spacious, comfortable, no_evident_not_comfortable, very_clean, no_evident_not_very_clean, nice_view, no_evident_not_nice_view"
721,good_room,"clean, nice, no_evident_not_clean, no_evident_not_nice"
722,bad_room,"shower_water_overflows, drain_not_working, have_evident_shower_water_overflows, have_evident_drain_not_working"
722,good_room,"clean, no_evident_not_clean, comfortable, no_evident_not_comfortable, good, no_evident_not_good, new, no_evident_not_new, furniture, no_evident_not_furniture"
723,bad_room,"not_cleaned_floor, dusty_floor, water_not_draining, flooded_room, have_evident_not_cleaned_floor, have_evident_dusty_floor, have_evident_water_not_draining, have_evident_flooded_room"
724,good_room,"clean, the_room_was_clean, no_evident_not_clean"
725,bad_room,"thick_bedsheets, have_evident_thick_bedsheets, this_reflects_the_relationship_between_extremely_thick_bedding_contributing_to_a_condition"
726,good_room,"clean_room, clean, no_evident_not_clean, comfortable, no_evident_not_comfortable"
727,good_room,"very_clean, no_evident_not_very_clean"
730,good_room,"spac, compl, veryclean, view, no_evident_not_spac, no_evident_not_compl, no_evident_not_veyclean, no_evident_not_view"
732,good_room,"clean_room, white, freshly_renovated, no_evident_not_clean, no_evident_not_white, no_evident_not_freshly_renovated"
733,good_room,"clean_room, very_clean, no_evident_not_very_clean, well_decorated_room, nice_view, no_evident_not_nice_view"
738,good_room,"spacious, no_evident_not_spacious, comfortable, no_evident_not_comfortable, very_clean, no_evident_not_very_clean, nice_view, no_evident_not_nice_view"
739,good_room,"spacious, no_evident_not_spacious, comfortable, no_evident_not_comfortable, clean, no_evident_not_clean, nice_view, no_evident_not_nice_view, generosity_freebies, no_evident_not_generous, affordable_prices_mini_bar, no_evident_not_affordable"
741,bad_room,"noise, have_evident_noise, uncomfortable_beds, have_evident_uncomfortable_beds"
742,bad_room,"not, have_evident_not, clean, have_evident_clean"
742,good_room,"comfortable, no_evident_not_comfortable"
743,good_room,"clean_room, nice_room, no_evident_not_clean_room, no_evident_not_nice_room"
745,good_room,"clean_room, no_evident_not_clean_room, functional_room, no_evident_not_functional_room"
746,good_room,error_timeout_after_180s_while_waiting_for_model_response_skipping
747,bad_room,"frozen_water, have_evident_frozen_water, water, have_evident_water"
747,good_room,"clean_room, serves_the_purpose, no_evident_not_clean_room, no_evident_not_serves_the_purpose"
748,bad_room,"minibar_empty, have_evident_minibar_empty, minibar_not_working, have_evident_minibar_not_working"
748,good_room,"clean, no_evident_not_clean"
749,bad_room,"small, no_view, have_evident_small, have_evident_no_view"
749,good_room,"clean_room, no_evident_not_clean_room"
752,bad_room,"extremely_noisy, very_noisy_synonym_not_allowed, noisy, noisier, have_evident_extremely_noisy, have_evident_very_noisy, have_evident_noisy, have_evident_noisier"
752,good_room,"comfortable, no_evident_not_comfortable_room, one_night_before_departure, no_evident_not_one_night_before_departure"
753,good_room,"here_s_a_breakdown_of_the_given_text_into_assumption_based_argumentation_aba_format_based_on_your_conditions, cleanliness_clean_room, no_evident_not_clean_room, spacious_spacious_room, no_evident_not_spacious_room, this_provides_a_clear_structure_with_the_claim, using_short_terms_from_the_original_text, and_their_respective_contraries"
755,good_room,"clean, no_evident_not_clean"
757,good_room,"spacious, no_evident_not_spacious, comfortable, no_evident_not_comfortable, very_clean, no_evident_not_very_clean, nice_view, no_evident_not_nice_view"
758,good_room,"spacious, comfortable, clean, view, no_evident_not_spacious, no_evident_not_comfortable, no_evident_not_clean, no_evident_not_view"
759,bad_room,"lack_of_adapters_for_sockets, have_evident_lack_of_adapters_for_sockets"
761,bad_room,"warm, have_evident_warm, messy, have_evident_messy, smelt_a_little_sewage, have_evident_smelt_a_little_sewage"
761,good_room,"large, no_evident_not_large, spacious, no_evident_not_spacious, suite, no_evident_not_suite, comfortable, no_evident_not_comfortable, beds, no_evident_not_beds, good_for_large_family, no_evident_not_good_for_large_family, five_people, no_evident_not_five_people, light_interior, no_evident_not_light_interior, assumptions, the_room_is_large, the_room_is_spacious, the_room_is_a_suite, the_beds_are_comfortable, the_room_is_suitable_for_a_large_family_of_five_people, the_interior_has_light"
762,bad_room,"smelt_sewage, have_evident_smelt_sewage"
763,bad_room,"noise, have_evident_noise, terrace, have_evident_terrace, 1st_floor, have_evident_1st_floor"
763,good_room,"comfortable_beds, clean, no_evident_not_comfort_beds, no_evident_not_clean"
764,bad_room,"small_room_size, have_evident_small_room_size, thin_walls, have_evident_thin_walls, adapter_melted_chargers, have_evident_adapter_melted_chargers"
764,good_room,"clean_room, no_evident_not_clean_room, comfortable, no_evident_not_comfortable, room, no_evident_not_room"
765,bad_room,"column_takes_up_space, have_evident_column_takes_up_space, uncomfortable_column, have_evident_uncomfortable_column, balcony_low, have_evident_balcony_low, not_intimate_balcony, have_evident_not_intimate_balcony, close_to_street, have_evident_close_to_street, no_sense_safe, have_evident_no_sense_safe, shampoo_in_bathroom, have_evident_shampoo_in_bathroom, extra_sachets_available, have_evident_extra_sachets_available"
765,good_room,"comfortable_bed, no_evident_not_comfortable_bed, good_shower, no_evident_not_good_shower, new_furniture, no_evident_not_new_furniture, impeccable_furniture, no_evident_not_impeccable_furniture, excellent_wifi_connection, no_evident_not_excellent_wifi_connection"
766,bad_room,"room_given_not_booked_have_evident_room_given_not_booked, small_corner_have_evident_small_corner"
766,good_room,"clean_room, neatness_room, no_evident_not_clean_room, no_evident_not_neatness_room"
767,bad_room,"windows_overlooked_courtyard, courtyard_isquite_noisy, have_evident_windows_overlooked_courtyard, have_evident_courtyard_isquite_noisy"
767,good_room,"clean_room, no_evident_not_clean_room, spacious_room, no_evident_not_spacious_room"
768,good_room,"terrace_in_the_room, no_evident_not_terrace_in_the_room, well_furnished_room_and_bathroom, no_evident_not_well_furnished_room_and_bathroom"
769,bad_room,"not_changed_bed_linen, have_evident_not_changed_bed_linen, minibar_in_refrigerator, have_evident_minibar_in_refrigerator, products_fit_minibar, have_evident_products_fit_minibar"
769,good_room,"cleanliness, no_evident_not_cleanliness"
770,bad_room,"lack_of_storage_spaces, have_evident_lack_of_storage_spaces"
770,good_room,"clean_towel, no_evident_not_clean_towel, towel, no_evident_not_towel"
771,bad_room,"poor_soundproofing, have_evident_poor_soundproofing, corridor, have_evident_corridor"
771,good_room,"clean_room, comfortable_room, no_evident_not_clean_room, no_evident_not_comfortable_room"
772,bad_room,"dust_blocks_view, have_evident_dust_blocks_view"
772,good_room,"new_equipment, no_evident_not_new_equipment"
773,good_room,"clean_room, no_evident_not_clean, modern_room, no_evident_not_modern, clean_and_modern_room, no_evident_not_clean_and_modern"
774,bad_room,"difficulties_with_sockets, devices_without_adapters, have_evident_difficulties_with_sockets, have_evident_devices_without_adapters"
774,good_room,"comfortable_room, clean_room, no_evident_not_comfortable_room, no_evident_not_clean_room"
776,good_room,"clean_room, spacious, comfortable, very_clean, nice_view, no_evident_not_spacious_room, no_evident_not_comfortable_room, no_evident_not_very_clean_room, no_evident_not_nice_view"
779,good_room,"clean, no_evident_not_clean, large, no_evident_not_large, recent, no_evident_not_recent, plus, no_evident_not_plus"
780,good_room,"clean_room, room, well_decorated_room, no_evident_not_well_decorated_room, modern_room, no_evident_not_modern_room, no_evident_not_clean_room, no_evident_not_no_evident_not_clean_room, no_evident_not_no_evident_not_well_decorated_room, no_evident_not_no_evident_not_modern_room, nice_room, large_room_size, size"
781,bad_room,"sharp_corners, have_evident_sharp_corners, dangerous, have_evident_dangerous"
782,good_room,"clean_room, spacious, comfortable, no_evident_not_spacious_room, no_evident_not_comfortable_room, view, clean, no_evident_not_clean_room"
784,good_room,"clean, no_evident_not_clean, new, no_evident_not_new"
785,bad_room,"not_clean, inside, misleading_photos, have_evident_not_clean, have_evident_inside, have_evident_misleading_photos, have_evident_floods_room"
