ID,Test 2,Prompt,Topic
161,"good_check_out , check_out_time , no_evident_not_check_out_time , good_check_out , quick_check_out , no_evident_not_quick_check_out , good_check_out , convenient_check_out , no_evident_not_convenient_check_out","Generate text in Assumption Based Argumentation (ABA) format from the given text. Use the following conditions carefully.

1. Claim is ""good_check_out"".
2. Supports are written in short words with no adjectives and no adverbs if it is not necessary for understanding.
3. For each support, use vocab from the original text. Do not provide synonyms. Check grammar. Do not provide further opinion.
4. Add a contrary for each support as a new support.
5. Each contrary must use the same word as presented in the support and each contrary starts with ""no evident not"".
6. Regarding the format of answer, provide a list of all supports and contraries. Do not separate supports and contraries into separated sections. Do not provide assumptions. Do not provide claims.

[Text]
check out time",good_check_out
310,"good_check_out , allowed , no_evident_not_allowed , flight , no_evident_no_flight","Generate text in Assumption Based Argumentation (ABA) format from the given text. Use the following conditions carefully.

1. Claim is ""good_check_out"".
2. Supports are written in short words with no adjectives and no adverbs if it is not necessary for understanding.
3. For each support, use vocab from the original text. Do not provide synonyms. Check grammar. Do not provide further opinion.
4. Add a contrary for each support as a new support.
5. Each contrary must use the same word as presented in the support and each contrary starts with ""no evident not"".
6. Regarding the format of answer, provide a list of all supports and contraries. Do not separate supports and contraries into separated sections. Do not provide assumptions. Do not provide claims.

[Text]
hotel allowed us to check out later prior to our flight.",good_check_out
314,"good_check_out , fast_checkin_checkout , no_evident_not_fast_checkin_checkout","Generate text in Assumption Based Argumentation (ABA) format from the given text. Use the following conditions carefully.

1. Claim is ""good_check_out"".
2. Supports are written in short words with no adjectives and no adverbs if it is not necessary for understanding.
3. For each support, use vocab from the original text. Do not provide synonyms. Check grammar. Do not provide further opinion.
4. Add a contrary for each support as a new support.
5. Each contrary must use the same word as presented in the support and each contrary starts with ""no evident not"".
6. Regarding the format of answer, provide a list of all supports and contraries. Do not separate supports and contraries into separated sections. Do not provide assumptions. Do not provide claims.

[Text]
super fast checkin/checkout",good_check_out
542,"left , no_evident_not_left , problems , no_evident_not_problems","Generate text in Assumption Based Argumentation (ABA) format from the given text. Use the following conditions carefully.

1. Claim is ""good_check_out"".
2. Supports are written in short words with no adjectives and no adverbs if it is not necessary for understanding.
3. For each support, use vocab from the original text. Do not provide synonyms. Check grammar. Do not provide further opinion.
4. Add a contrary for each support as a new support.
5. Each contrary must use the same word as presented in the support and each contrary starts with ""no evident not"".
6. Regarding the format of answer, provide a list of all supports and contraries. Do not separate supports and contraries into separated sections. Do not provide assumptions. Do not provide claims.

[Text]
We left at night with no problems.",good_check_out
639,"earlier_check_in , no_evident_not_earlier_check_in , earlier_check_out , no_evident_not_earlier_check_out","Generate text in Assumption Based Argumentation (ABA) format from the given text. Use the following conditions carefully.

1. Claim is ""good_check_out"".
2. Supports are written in short words with no adjectives and no adverbs if it is not necessary for understanding.
3. For each support, use vocab from the original text. Do not provide synonyms. Check grammar. Do not provide further opinion.
4. Add a contrary for each support as a new support.
5. Each contrary must use the same word as presented in the support and each contrary starts with ""no evident not"".
6. Regarding the format of answer, provide a list of all supports and contraries. Do not separate supports and contraries into separated sections. Do not provide assumptions. Do not provide claims.

[Text]
They accommodated us with an earlier check-in and earlier check-out.",good_check_out
660,"good_check_out , late_departure , no_evident_not_late_departure , late_arrival , no_evident_not_late_arrival","Generate text in Assumption Based Argumentation (ABA) format from the given text. Use the following conditions carefully.

1. Claim is ""good_check_out"".
2. Supports are written in short words with no adjectives and no adverbs if it is not necessary for understanding.
3. For each support, use vocab from the original text. Do not provide synonyms. Check grammar. Do not provide further opinion.
4. Add a contrary for each support as a new support.
5. Each contrary must use the same word as presented in the support and each contrary starts with ""no evident not"".
6. Regarding the format of answer, provide a list of all supports and contraries. Do not separate supports and contraries into separated sections. Do not provide assumptions. Do not provide claims.

[Text]
The hotel allowed us, at no extra cost, a late arrival and a late departure (at 1:30 p.m.).",good_check_out
711,"good_check_out , late_check_in_no_evident_not_late_check_in , availability_of_rooms_no_evident_availability_of_rooms , staff_assistance_no_evident_staff_assistance , flexible_policies_no_evident_flexible_policies , additional_charges_no_evident_additional_charges","Generate text in Assumption Based Argumentation (ABA) format from the given text. Use the following conditions carefully.

1. Claim is ""good_check_out"".
2. Supports are written in short words with no adjectives and no adverbs if it is not necessary for understanding.
3. For each support, use vocab from the original text. Do not provide synonyms. Check grammar. Do not provide further opinion.
4. Add a contrary for each support as a new support.
5. Each contrary must use the same word as presented in the support and each contrary starts with ""no evident not"".
6. Regarding the format of answer, provide a list of all supports and contraries. Do not separate supports and contraries into separated sections. Do not provide assumptions. Do not provide claims.

[Text]
possibility for late check out",good_check_out
769,"-_did_not_allow , -_turned_over , -_delayed_plane , -_have_evident_allowed , -_have_evident_on_time_plane","Generate text in Assumption Based Argumentation (ABA) format from the given text. Use the following conditions carefully.

1. Claim is ""bad_check_out"".
2. Supports are written in short words with no adjectives and no adverbs if it is not necessary for understanding.
3. For each support, use vocab from the original text. Do not provide synonyms. Check grammar. Do not provide further opinion.
4. Add a contrary for each support as a new support.
5. Each contrary must use the same word as presented in the support and each contrary starts with ""have evident"".
6. Regarding the format of answer, provide a list of all supports and contraries. Do not separate supports and contraries into separated sections. Do not provide assumptions. Do not provide claims.

[Text]
4. the hotel did not allow to turn over a couple of hours before the delayed plane;",bad_check_out
