ID,Prompt,PhraseA,PhraseB,Test 3
1,"Is phrase B contrary to phrase A? Answer exactly 'Yes' or 'No' only. Don't provide any nonsensical or multilingual garbage text.

[Example] Phrase B is no_one_answer_phone. Phrase A is no_evident_not_prompt_response_staff. Answer is 'Yes'.

[Question] Phrase B is staff_not_allow_late_check-out_for_delay_plane. Phrase A is have_evident_staff_not_allow_late_check-out_for_delay_plane.",have_evident_staff_not_allow_late_check-out_for_delay_plane,staff_not_allow_late_check-out_for_delay_plane,No
2,"Is phrase B contrary to phrase A? Answer exactly 'Yes' or 'No' only. Don't provide any nonsensical or multilingual garbage text.

[Example] Phrase B is no_one_answer_phone. Phrase A is no_evident_not_prompt_response_staff. Answer is 'Yes'.

[Question] Phrase B is staff_not_allow_late_check-out_for_delay_plane. Phrase A is have_evident_staff_not_allow_late_check-out_for_delay_plane.",have_evident_staff_not_allow_late_check-out_for_delay_plane,staff_not_allow_late_check-out_for_delay_plane,No
3,"Is phrase B contrary to phrase A? Answer exactly 'Yes' or 'No' only. Don't provide any nonsensical or multilingual garbage text.

[Example] Phrase B is no_one_answer_phone. Phrase A is no_evident_not_prompt_response_staff. Answer is 'Yes'.

[Question] Phrase B is staff_not_allow_late_check-out_for_delay_plane. Phrase A is have_evident_staff_not_allow_late_check-out_for_delay_plane.",have_evident_staff_not_allow_late_check-out_for_delay_plane,staff_not_allow_late_check-out_for_delay_plane,No
4,"Is phrase B contrary to phrase A? Answer exactly 'Yes' or 'No' only. Don't provide any nonsensical or multilingual garbage text.

[Example] Phrase B is no_one_answer_phone. Phrase A is no_evident_not_prompt_response_staff. Answer is 'Yes'.

[Question] Phrase B is staff_not_allow_late_check-out_for_delay_plane. Phrase A is have_evident_staff_not_allow_late_check-out_for_delay_plane.",have_evident_staff_not_allow_late_check-out_for_delay_plane,staff_not_allow_late_check-out_for_delay_plane,No
5,"Is phrase B contrary to phrase A? Answer exactly 'Yes' or 'No' only. Don't provide any nonsensical or multilingual garbage text.

[Example] Phrase B is no_one_answer_phone. Phrase A is no_evident_not_prompt_response_staff. Answer is 'Yes'.

[Question] Phrase B is staff_not_allow_late_check-out_for_delay_plane. Phrase A is have_evident_staff_not_allow_late_check-out_for_delay_plane.",have_evident_staff_not_allow_late_check-out_for_delay_plane,staff_not_allow_late_check-out_for_delay_plane,No
6,"Is phrase B contrary to phrase A? Answer exactly 'Yes' or 'No' only. Don't provide any nonsensical or multilingual garbage text.

[Example] Phrase B is no_one_answer_phone. Phrase A is no_evident_not_prompt_response_staff. Answer is 'Yes'.

[Question] Phrase B is staff_not_allow_late_check-out_for_delay_plane. Phrase A is have_evident_staff_not_allow_late_check-out_for_delay_plane.",have_evident_staff_not_allow_late_check-out_for_delay_plane,staff_not_allow_late_check-out_for_delay_plane,No
7,"Is phrase B contrary to phrase A? Answer exactly 'Yes' or 'No' only. Don't provide any nonsensical or multilingual garbage text.

[Example] Phrase B is no_one_answer_phone. Phrase A is no_evident_not_prompt_response_staff. Answer is 'Yes'.

[Question] Phrase B is staff_not_allow_late_check-out_for_delay_plane. Phrase A is have_evident_staff_not_allow_late_check-out_for_delay_plane.",have_evident_staff_not_allow_late_check-out_for_delay_plane,staff_not_allow_late_check-out_for_delay_plane,No
8,"Is phrase B contrary to phrase A? Answer exactly 'Yes' or 'No' only. Don't provide any nonsensical or multilingual garbage text.

[Example] Phrase B is no_one_answer_phone. Phrase A is no_evident_not_prompt_response_staff. Answer is 'Yes'.

[Question] Phrase B is staff_not_allow_late_check-out_for_delay_plane. Phrase A is have_evident_staff_not_allow_late_check-out_for_delay_plane.",have_evident_staff_not_allow_late_check-out_for_delay_plane,staff_not_allow_late_check-out_for_delay_plane,No
