ID,Prompt,Test 2,Topic
125,"Generate text in Assumption Based Argumentation (ABA) format from the given text. Use the following conditions carefully.

1. Claim is ""bad_taxi_issue"".
2. Supports are written in short words with no adjectives and no adverbs if it is not necessary for understanding.
3. For each support, use vocab from the original text. Do not provide synonyms. Check grammar. Do not provide further opinion.
4. Add a contrary for each support as a new support.
5. Each contrary must use the same word as presented in the support and each contrary starts with ""have evident"".
6. Regarding the format of answer, provide a list of all supports and contraries. Do not separate supports and contraries into separated sections. Do not provide assumptions. Do not provide claims.

[Text]
Taxi drivers who cooperate with hotel, both times, from airport and back, charged 2-3 EUR above the price agreed with the hotel (20 EUR). To clarify, it is not about the money, I would certainly give that money as a tip, but feeling that someone is cheating you and stilling money from you is really awkward and ugly, especially when you are alone with small child in the middle of the night and have no alternative way of transport.","bad_taxi_issue , have_evident_cooperation , have_evident_charge , have_evident_agreement , have_evident_hotel , have_evident_airport , have_evident_back , have_evident_eur , have_evident_tip , have_evident_cheating , have_evident_awkward , have_evident_ugly , have_evident_alone , have_evident_child , have_evident_night , have_evident_alternative , have_evident_transport",bad_taxi_issue
346,"Generate text in Assumption Based Argumentation (ABA) format from the given text. Use the following conditions carefully.

1. Claim is ""bad_taxi_issue"".
2. Supports are written in short words with no adjectives and no adverbs if it is not necessary for understanding.
3. For each support, use vocab from the original text. Do not provide synonyms. Check grammar. Do not provide further opinion.
4. Add a contrary for each support as a new support.
5. Each contrary must use the same word as presented in the support and each contrary starts with ""have evident"".
6. Regarding the format of answer, provide a list of all supports and contraries. Do not separate supports and contraries into separated sections. Do not provide assumptions. Do not provide claims.

[Text]
Booked a taxi from the airport was a no show.","booked_a_taxi_have_evident_no_show , no_show_have_evident_showed_up_on_time",bad_taxi_issue
568,"Generate text in Assumption Based Argumentation (ABA) format from the given text. Use the following conditions carefully.

1. Claim is ""bad_taxi_issue"".
2. Supports are written in short words with no adjectives and no adverbs if it is not necessary for understanding.
3. For each support, use vocab from the original text. Do not provide synonyms. Check grammar. Do not provide further opinion.
4. Add a contrary for each support as a new support.
5. Each contrary must use the same word as presented in the support and each contrary starts with ""have evident"".
6. Regarding the format of answer, provide a list of all supports and contraries. Do not separate supports and contraries into separated sections. Do not provide assumptions. Do not provide claims.

[Text]
The taxi driver who picked us up for the short drive to the airport ripped us off. Be sure to negotiate the price beforehand. It's your own fault!","bad_taxi_issue , rip_off , have_evident_overcharge , negotiate_price , have_evident_fail_to_negotiate , own_fault , have_evident_blame_driver , short_drive , have_evident_long_trip",bad_taxi_issue
615,"Generate text in Assumption Based Argumentation (ABA) format from the given text. Use the following conditions carefully.

1. Claim is ""bad_taxi_issue"".
2. Supports are written in short words with no adjectives and no adverbs if it is not necessary for understanding.
3. For each support, use vocab from the original text. Do not provide synonyms. Check grammar. Do not provide further opinion.
4. Add a contrary for each support as a new support.
5. Each contrary must use the same word as presented in the support and each contrary starts with ""have evident"".
6. Regarding the format of answer, provide a list of all supports and contraries. Do not separate supports and contraries into separated sections. Do not provide assumptions. Do not provide claims.

[Text]
We had ordered a shuttle and thought it was specific to the hotel but it turned out to be just a lambda taxi, the problem is that we waited for it for 40 minutes because it was late but nobody warned us. We had to pay it straight away when we thought it would be included in the hotel bill at the end of the stay. It would be better to indicate directly that it is independent of the hotel, we would not have waited in front of other taxis and tried to reach everyone...","bad_taxi_issue , waited_have_evident_late , have_evident_no_warning , paid_have_evident_immediately , have_evident_not_included_in_bill , would_better_have_evident_indicate_directly , have_evident_other_taxis_waited , have_evident_tried_reach_everyone",bad_taxi_issue
660,"Generate text in Assumption Based Argumentation (ABA) format from the given text. Use the following conditions carefully.

1. Claim is ""good_taxi_issue"".
2. Supports are written in short words with no adjectives and no adverbs if it is not necessary for understanding.
3. For each support, use vocab from the original text. Do not provide synonyms. Check grammar. Do not provide further opinion.
4. Add a contrary for each support as a new support.
5. Each contrary must use the same word as presented in the support and each contrary starts with ""no evident not"".
6. Regarding the format of answer, provide a list of all supports and contraries. Do not separate supports and contraries into separated sections. Do not provide assumptions. Do not provide claims.

[Text]
We arrived at 2:30 am at the airport, a shuttle taxi to the hotel was waiting for us.","-_shuttle_taxi_waiting , -_no_evident_not_shuttle_taxi_waiting , -_hotel_nearby , -_no_evident_not_hotel_nearby",good_taxi_issue
666,"Generate text in Assumption Based Argumentation (ABA) format from the given text. Use the following conditions carefully.

1. Claim is ""bad_taxi_issue"".
2. Supports are written in short words with no adjectives and no adverbs if it is not necessary for understanding.
3. For each support, use vocab from the original text. Do not provide synonyms. Check grammar. Do not provide further opinion.
4. Add a contrary for each support as a new support.
5. Each contrary must use the same word as presented in the support and each contrary starts with ""have evident"".
6. Regarding the format of answer, provide a list of all supports and contraries. Do not separate supports and contraries into separated sections. Do not provide assumptions. Do not provide claims.

[Text]
Unfortunately, the organized taxi came too late/ a bit chaotic.","bad_taxi_issue , late , have_evident_ontime , chaotic , have_evident_orderly",bad_taxi_issue
689,"Generate text in Assumption Based Argumentation (ABA) format from the given text. Use the following conditions carefully.

1. Claim is ""bad_taxi_issue"".
2. Supports are written in short words with no adjectives and no adverbs if it is not necessary for understanding.
3. For each support, use vocab from the original text. Do not provide synonyms. Check grammar. Do not provide further opinion.
4. Add a contrary for each support as a new support.
5. Each contrary must use the same word as presented in the support and each contrary starts with ""have evident"".
6. Regarding the format of answer, provide a list of all supports and contraries. Do not separate supports and contraries into separated sections. Do not provide assumptions. Do not provide claims.

[Text]
When the booked taxi didn't show up at 3 in the morning, the Htl owner drove me to the airport himself after I rang him out of bed....","bad_taxi_issue , have_evident_booked_taxi_didnt_show_up , have_evident_owner_drove_me_to_airport , have_evident_i_rang_owner_out_of_bed , have_evident_owner_provided_no_taxi_service , have_evident_booked_taxi_show_up_later",bad_taxi_issue
