ID,Prompt,PhraseA,PhraseB,Test 1
1,"Is phrase B contrary to phrase A? Answer exactly 'Yes' or 'No' only. Don't provide any nonsensical or multilingual garbage text.

[Example] Phrase B is no_one_answer_phone. Phrase A is no_evident_not_prompt_response_staff. Answer is 'Yes'.

[Question] Phrase B is good_check-out_time. Phrase A is no_evident_not_good_check-out_time.",no_evident_not_good_check-out_time,good_check-out_time,Yes
2,"Is phrase B contrary to phrase A? Answer exactly 'Yes' or 'No' only. Don't provide any nonsensical or multilingual garbage text.

[Example] Phrase B is no_one_answer_phone. Phrase A is no_evident_not_prompt_response_staff. Answer is 'Yes'.

[Question] Phrase B is allow_to_check-out_later. Phrase A is no_evident_not_allow_to_check-out_later.",no_evident_not_allow_to_check-out_later,allow_to_check-out_later,No
3,"Is phrase B contrary to phrase A? Answer exactly 'Yes' or 'No' only. Don't provide any nonsensical or multilingual garbage text.

[Example] Phrase B is no_one_answer_phone. Phrase A is no_evident_not_prompt_response_staff. Answer is 'Yes'.

[Question] Phrase B is fast_check-out. Phrase A is no_evident_not_fast_check-out.",no_evident_not_fast_check-out,fast_check-out,No
4,"Is phrase B contrary to phrase A? Answer exactly 'Yes' or 'No' only. Don't provide any nonsensical or multilingual garbage text.

[Example] Phrase B is no_one_answer_phone. Phrase A is no_evident_not_prompt_response_staff. Answer is 'Yes'.

[Question] Phrase B is no_problem_left_at_night. Phrase A is no_evident_not_no_problem_left_at_night.",no_evident_not_no_problem_left_at_night,no_problem_left_at_night,Yes
5,"Is phrase B contrary to phrase A? Answer exactly 'Yes' or 'No' only. Don't provide any nonsensical or multilingual garbage text.

[Example] Phrase B is no_one_answer_phone. Phrase A is no_evident_not_prompt_response_staff. Answer is 'Yes'.

[Question] Phrase B is staff_give_early_check-out. Phrase A is no_evident_not_staff_give_early_check-out.",no_evident_not_staff_give_early_check-out,staff_give_early_check-out,Yes
6,"Is phrase B contrary to phrase A? Answer exactly 'Yes' or 'No' only. Don't provide any nonsensical or multilingual garbage text.

[Example] Phrase B is no_one_answer_phone. Phrase A is no_evident_not_prompt_response_staff. Answer is 'Yes'.

[Question] Phrase B is late_departure_no_extra_cost. Phrase A is no_evident_not_late_departure_no_extra_cost.",no_evident_not_late_departure_no_extra_cost,late_departure_no_extra_cost,No
7,"Is phrase B contrary to phrase A? Answer exactly 'Yes' or 'No' only. Don't provide any nonsensical or multilingual garbage text.

[Example] Phrase B is no_one_answer_phone. Phrase A is no_evident_not_prompt_response_staff. Answer is 'Yes'.

[Question] Phrase B is hotel_allow_late_departure. Phrase A is no_evident_not_hotel_allow_late_departure.",no_evident_not_hotel_allow_late_departure,hotel_allow_late_departure,Yes
8,"Is phrase B contrary to phrase A? Answer exactly 'Yes' or 'No' only. Don't provide any nonsensical or multilingual garbage text.

[Example] Phrase B is no_one_answer_phone. Phrase A is no_evident_not_prompt_response_staff. Answer is 'Yes'.

[Question] Phrase B is possibility_for_late_check_out. Phrase A is no_evident_not_possibility_for_late_check_out.",no_evident_not_possibility_for_late_check_out,possibility_for_late_check_out,No
