ID,Prompt,Topic,Raw 2,Error
59,"Generate text in Assumption Based Argumentation (ABA) format from the given text. Use the following conditions carefully.

1. Claim is ""good_check_in"".
2. Supports are written in short words with no adjectives and no adverbs if it is not necessary for understanding.
3. For each support, use vocab from the original text. Do not provide synonyms. Check grammar. Do not provide further opinion.
4. Add a contrary for each support as a new support.
5. Each contrary must use the same word as presented in the support and each contrary starts with ""no evident not"".
6. Regarding the format of answer, provide a list of all supports and contraries. Do not separate supports and contraries into separated sections. Do not provide assumptions. Do not provide claims.

[Text]
Also very easy to check-in if you arrive late at night",good_check_in,"- easy check-in
- no evident not easy check-in
- arrive late at night
- no evident not arrive late at night",
60,"Generate text in Assumption Based Argumentation (ABA) format from the given text. Use the following conditions carefully.

1. Claim is ""good_check_in"".
2. Supports are written in short words with no adjectives and no adverbs if it is not necessary for understanding.
3. For each support, use vocab from the original text. Do not provide synonyms. Check grammar. Do not provide further opinion.
4. Add a contrary for each support as a new support.
5. Each contrary must use the same word as presented in the support and each contrary starts with ""no evident not"".
6. Regarding the format of answer, provide a list of all supports and contraries. Do not separate supports and contraries into separated sections. Do not provide assumptions. Do not provide claims.

[Text]
clear instructions left access to our room made easy",good_check_in,"*   instructions were clear
*   no evident not instructions were clear
*   access was easy
*   no evident not access was easy",
71,"Generate text in Assumption Based Argumentation (ABA) format from the given text. Use the following conditions carefully.

1. Claim is ""good_check_in"".
2. Supports are written in short words with no adjectives and no adverbs if it is not necessary for understanding.
3. For each support, use vocab from the original text. Do not provide synonyms. Check grammar. Do not provide further opinion.
4. Add a contrary for each support as a new support.
5. Each contrary must use the same word as presented in the support and each contrary starts with ""no evident not"".
6. Regarding the format of answer, provide a list of all supports and contraries. Do not separate supports and contraries into separated sections. Do not provide assumptions. Do not provide claims.

[Text]
Got very clear instructions how to get access to our room.",good_check_in,"- clear instructions
- no evident not clear instructions
- access to room
- no evident not access to room",
72,"Generate text in Assumption Based Argumentation (ABA) format from the given text. Use the following conditions carefully.

1. Claim is ""good_check_in"".
2. Supports are written in short words with no adjectives and no adverbs if it is not necessary for understanding.
3. For each support, use vocab from the original text. Do not provide synonyms. Check grammar. Do not provide further opinion.
4. Add a contrary for each support as a new support.
5. Each contrary must use the same word as presented in the support and each contrary starts with ""no evident not"".
6. Regarding the format of answer, provide a list of all supports and contraries. Do not separate supports and contraries into separated sections. Do not provide assumptions. Do not provide claims.

[Text]
I received very clear instructions how to enter the hotel and access my room.",good_check_in,"- instructions received
- no evident not instructions received
- clear instructions
- no evident not clear instructions
- instructions to enter hotel
- no evident not instructions to enter hotel
- instructions to access room
- no evident not instructions to access room",
89,"Generate text in Assumption Based Argumentation (ABA) format from the given text. Use the following conditions carefully.

1. Claim is ""good_check_in"".
2. Supports are written in short words with no adjectives and no adverbs if it is not necessary for understanding.
3. For each support, use vocab from the original text. Do not provide synonyms. Check grammar. Do not provide further opinion.
4. Add a contrary for each support as a new support.
5. Each contrary must use the same word as presented in the support and each contrary starts with ""no evident not"".
6. Regarding the format of answer, provide a list of all supports and contraries. Do not separate supports and contraries into separated sections. Do not provide assumptions. Do not provide claims.

[Text]
instructions for access were sent in advance and absolutely perfect.",good_check_in,"- instructions sent in advance
- no evident not instructions sent in advance
- instructions perfect
- no evident not instructions perfect",
92,"Generate text in Assumption Based Argumentation (ABA) format from the given text. Use the following conditions carefully.

1. Claim is ""good_check_in"".
2. Supports are written in short words with no adjectives and no adverbs if it is not necessary for understanding.
3. For each support, use vocab from the original text. Do not provide synonyms. Check grammar. Do not provide further opinion.
4. Add a contrary for each support as a new support.
5. Each contrary must use the same word as presented in the support and each contrary starts with ""no evident not"".
6. Regarding the format of answer, provide a list of all supports and contraries. Do not separate supports and contraries into separated sections. Do not provide assumptions. Do not provide claims.

[Text]
we did late night check in, that was super easy and comfortable",good_check_in,"- late night check in
- no evident not late night check in
- check in was easy
- no evident not easy
- check in was comfortable
- no evident not comfortable",
110,"Generate text in Assumption Based Argumentation (ABA) format from the given text. Use the following conditions carefully.

1. Claim is ""good_check_in"".
2. Supports are written in short words with no adjectives and no adverbs if it is not necessary for understanding.
3. For each support, use vocab from the original text. Do not provide synonyms. Check grammar. Do not provide further opinion.
4. Add a contrary for each support as a new support.
5. Each contrary must use the same word as presented in the support and each contrary starts with ""no evident not"".
6. Regarding the format of answer, provide a list of all supports and contraries. Do not separate supports and contraries into separated sections. Do not provide assumptions. Do not provide claims.

[Text]
the self check in was very easy.",good_check_in,"- easy_check_in
- no evident not easy_check_in",
140,"Generate text in Assumption Based Argumentation (ABA) format from the given text. Use the following conditions carefully.

1. Claim is ""good_check_in"".
2. Supports are written in short words with no adjectives and no adverbs if it is not necessary for understanding.
3. For each support, use vocab from the original text. Do not provide synonyms. Check grammar. Do not provide further opinion.
4. Add a contrary for each support as a new support.
5. Each contrary must use the same word as presented in the support and each contrary starts with ""no evident not"".
6. Regarding the format of answer, provide a list of all supports and contraries. Do not separate supports and contraries into separated sections. Do not provide assumptions. Do not provide claims.

[Text]
easy self check-in,",good_check_in,"- easy
- no evident not easy
- self check-in
- no evident not self check-in",
152,"Generate text in Assumption Based Argumentation (ABA) format from the given text. Use the following conditions carefully.

1. Claim is ""bad_check_in"".
2. Supports are written in short words with no adjectives and no adverbs if it is not necessary for understanding.
3. For each support, use vocab from the original text. Do not provide synonyms. Check grammar. Do not provide further opinion.
4. Add a contrary for each support as a new support.
5. Each contrary must use the same word as presented in the support and each contrary starts with ""have evident"".
6. Regarding the format of answer, provide a list of all supports and contraries. Do not separate supports and contraries into separated sections. Do not provide assumptions. Do not provide claims.

[Text]
We had a late check in and there was no one in the hotel to give us keys and the door was locked.",bad_check_in,"- check in was late
- have evident check in was not late
- no one in hotel to give keys
- have evident one in hotel to give keys
- door was locked
- have evident door was not locked",
153,"Generate text in Assumption Based Argumentation (ABA) format from the given text. Use the following conditions carefully.

1. Claim is ""good_check_in"".
2. Supports are written in short words with no adjectives and no adverbs if it is not necessary for understanding.
3. For each support, use vocab from the original text. Do not provide synonyms. Check grammar. Do not provide further opinion.
4. Add a contrary for each support as a new support.
5. Each contrary must use the same word as presented in the support and each contrary starts with ""no evident not"".
6. Regarding the format of answer, provide a list of all supports and contraries. Do not separate supports and contraries into separated sections. Do not provide assumptions. Do not provide claims.

[Text]
lovely friendly staff who checked us in quickly,",good_check_in,"- staff friendly
- no evident not staff friendly
- check in quickly
- no evident not check in quickly",
158,"Generate text in Assumption Based Argumentation (ABA) format from the given text. Use the following conditions carefully.

1. Claim is ""good_check_in"".
2. Supports are written in short words with no adjectives and no adverbs if it is not necessary for understanding.
3. For each support, use vocab from the original text. Do not provide synonyms. Check grammar. Do not provide further opinion.
4. Add a contrary for each support as a new support.
5. Each contrary must use the same word as presented in the support and each contrary starts with ""no evident not"".
6. Regarding the format of answer, provide a list of all supports and contraries. Do not separate supports and contraries into separated sections. Do not provide assumptions. Do not provide claims.

[Text]
Easy check in at 3am.",good_check_in,"- check in
- no evident not check in
- 3am
- no evident not 3am",
163,"Generate text in Assumption Based Argumentation (ABA) format from the given text. Use the following conditions carefully.

1. Claim is ""good_check_in"".
2. Supports are written in short words with no adjectives and no adverbs if it is not necessary for understanding.
3. For each support, use vocab from the original text. Do not provide synonyms. Check grammar. Do not provide further opinion.
4. Add a contrary for each support as a new support.
5. Each contrary must use the same word as presented in the support and each contrary starts with ""no evident not"".
6. Regarding the format of answer, provide a list of all supports and contraries. Do not separate supports and contraries into separated sections. Do not provide assumptions. Do not provide claims.

[Text]
Easy late night check in",good_check_in,"- check in easy
- no evident not check in easy
- late night check in
- no evident not late night check in",
185,"Generate text in Assumption Based Argumentation (ABA) format from the given text. Use the following conditions carefully.

1. Claim is ""good_check_in"".
2. Supports are written in short words with no adjectives and no adverbs if it is not necessary for understanding.
3. For each support, use vocab from the original text. Do not provide synonyms. Check grammar. Do not provide further opinion.
4. Add a contrary for each support as a new support.
5. Each contrary must use the same word as presented in the support and each contrary starts with ""no evident not"".
6. Regarding the format of answer, provide a list of all supports and contraries. Do not separate supports and contraries into separated sections. Do not provide assumptions. Do not provide claims.

[Text]
The staff accommodated my arrival at 3 a.m. with very clear instructions.",good_check_in,"- staff accommodated arrival
- no evident not accommodated
- clear instructions
- no evident not clear instructions",
190,"Generate text in Assumption Based Argumentation (ABA) format from the given text. Use the following conditions carefully.

1. Claim is ""good_check_in"".
2. Supports are written in short words with no adjectives and no adverbs if it is not necessary for understanding.
3. For each support, use vocab from the original text. Do not provide synonyms. Check grammar. Do not provide further opinion.
4. Add a contrary for each support as a new support.
5. Each contrary must use the same word as presented in the support and each contrary starts with ""no evident not"".
6. Regarding the format of answer, provide a list of all supports and contraries. Do not separate supports and contraries into separated sections. Do not provide assumptions. Do not provide claims.

[Text]
We had a very late (1am) self check-in self check-in which worked very well.",good_check_in,"- self check-in
- no evident not self check-in
- worked
- no evident not worked
- late check-in
- no evident not late check-in",
214,"Generate text in Assumption Based Argumentation (ABA) format from the given text. Use the following conditions carefully.

1. Claim is ""good_check_in"".
2. Supports are written in short words with no adjectives and no adverbs if it is not necessary for understanding.
3. For each support, use vocab from the original text. Do not provide synonyms. Check grammar. Do not provide further opinion.
4. Add a contrary for each support as a new support.
5. Each contrary must use the same word as presented in the support and each contrary starts with ""no evident not"".
6. Regarding the format of answer, provide a list of all supports and contraries. Do not separate supports and contraries into separated sections. Do not provide assumptions. Do not provide claims.

[Text]
I arrived late at night. The hotell made sure I could check in.",good_check_in,"- check in late
- no evident not check in late
- hotel made sure check in
- no evident not hotel made sure check in",
220,"Generate text in Assumption Based Argumentation (ABA) format from the given text. Use the following conditions carefully.

1. Claim is ""good_check_in"".
2. Supports are written in short words with no adjectives and no adverbs if it is not necessary for understanding.
3. For each support, use vocab from the original text. Do not provide synonyms. Check grammar. Do not provide further opinion.
4. Add a contrary for each support as a new support.
5. Each contrary must use the same word as presented in the support and each contrary starts with ""no evident not"".
6. Regarding the format of answer, provide a list of all supports and contraries. Do not separate supports and contraries into separated sections. Do not provide assumptions. Do not provide claims.

[Text]
Excellent communication on late check in process,",good_check_in,"- communication on late check in process
- no evident not communication on late check in process",
221,"Generate text in Assumption Based Argumentation (ABA) format from the given text. Use the following conditions carefully.

1. Claim is ""good_check_in"".
2. Supports are written in short words with no adjectives and no adverbs if it is not necessary for understanding.
3. For each support, use vocab from the original text. Do not provide synonyms. Check grammar. Do not provide further opinion.
4. Add a contrary for each support as a new support.
5. Each contrary must use the same word as presented in the support and each contrary starts with ""no evident not"".
6. Regarding the format of answer, provide a list of all supports and contraries. Do not separate supports and contraries into separated sections. Do not provide assumptions. Do not provide claims.

[Text]
We arrived later than planned due to flight issues but the owner was aware as he had tracked our flight;",good_check_in,"- owner was aware
- no evident not owner was aware
- owner tracked flight
- no evident not owner tracked flight",
227,"Generate text in Assumption Based Argumentation (ABA) format from the given text. Use the following conditions carefully.

1. Claim is ""good_check_in"".
2. Supports are written in short words with no adjectives and no adverbs if it is not necessary for understanding.
3. For each support, use vocab from the original text. Do not provide synonyms. Check grammar. Do not provide further opinion.
4. Add a contrary for each support as a new support.
5. Each contrary must use the same word as presented in the support and each contrary starts with ""no evident not"".
6. Regarding the format of answer, provide a list of all supports and contraries. Do not separate supports and contraries into separated sections. Do not provide assumptions. Do not provide claims.

[Text]
Very kind hosts made late check in simple.",good_check_in,"- hosts kind
- no evident not hosts kind
- check in simple
- no evident not check in simple",
232,"Generate text in Assumption Based Argumentation (ABA) format from the given text. Use the following conditions carefully.

1. Claim is ""good_check_in"".
2. Supports are written in short words with no adjectives and no adverbs if it is not necessary for understanding.
3. For each support, use vocab from the original text. Do not provide synonyms. Check grammar. Do not provide further opinion.
4. Add a contrary for each support as a new support.
5. Each contrary must use the same word as presented in the support and each contrary starts with ""no evident not"".
6. Regarding the format of answer, provide a list of all supports and contraries. Do not separate supports and contraries into separated sections. Do not provide assumptions. Do not provide claims.

[Text]
We arrived late and got great instructions on how to get in on our own.",good_check_in,"- got instructions
- no evident not got instructions
- get in on own
- no evident not get in on own",
276,"Generate text in Assumption Based Argumentation (ABA) format from the given text. Use the following conditions carefully.

1. Claim is ""good_check_in"".
2. Supports are written in short words with no adjectives and no adverbs if it is not necessary for understanding.
3. For each support, use vocab from the original text. Do not provide synonyms. Check grammar. Do not provide further opinion.
4. Add a contrary for each support as a new support.
5. Each contrary must use the same word as presented in the support and each contrary starts with ""no evident not"".
6. Regarding the format of answer, provide a list of all supports and contraries. Do not separate supports and contraries into separated sections. Do not provide assumptions. Do not provide claims.

[Text]
friendly staff who allow you to check in the early hours of morning ,",good_check_in,"staff friendly
no evident not staff friendly
allow early check in
no evident not allow early check in",
283,"Generate text in Assumption Based Argumentation (ABA) format from the given text. Use the following conditions carefully.

1. Claim is ""good_check_in"".
2. Supports are written in short words with no adjectives and no adverbs if it is not necessary for understanding.
3. For each support, use vocab from the original text. Do not provide synonyms. Check grammar. Do not provide further opinion.
4. Add a contrary for each support as a new support.
5. Each contrary must use the same word as presented in the support and each contrary starts with ""no evident not"".
6. Regarding the format of answer, provide a list of all supports and contraries. Do not separate supports and contraries into separated sections. Do not provide assumptions. Do not provide claims.

[Text]
I arrived late at night and it was not a problem,",good_check_in,"- late arrival not problem
- no evident not late arrival not problem",
314,"Generate text in Assumption Based Argumentation (ABA) format from the given text. Use the following conditions carefully.

1. Claim is ""good_check_in"".
2. Supports are written in short words with no adjectives and no adverbs if it is not necessary for understanding.
3. For each support, use vocab from the original text. Do not provide synonyms. Check grammar. Do not provide further opinion.
4. Add a contrary for each support as a new support.
5. Each contrary must use the same word as presented in the support and each contrary starts with ""no evident not"".
6. Regarding the format of answer, provide a list of all supports and contraries. Do not separate supports and contraries into separated sections. Do not provide assumptions. Do not provide claims.

[Text]
super fast checkin/checkout",good_check_in,"- fast checkin
- no evident not fast checkin
- fast checkout
- no evident not fast checkout",
365,"Generate text in Assumption Based Argumentation (ABA) format from the given text. Use the following conditions carefully.

1. Claim is ""good_check_in"".
2. Supports are written in short words with no adjectives and no adverbs if it is not necessary for understanding.
3. For each support, use vocab from the original text. Do not provide synonyms. Check grammar. Do not provide further opinion.
4. Add a contrary for each support as a new support.
5. Each contrary must use the same word as presented in the support and each contrary starts with ""no evident not"".
6. Regarding the format of answer, provide a list of all supports and contraries. Do not separate supports and contraries into separated sections. Do not provide assumptions. Do not provide claims.

[Text]
We arrived in the night and were checked-in quickly",good_check_in,"- checked-in quickly
- no evident not checked-in quickly",
394,"Generate text in Assumption Based Argumentation (ABA) format from the given text. Use the following conditions carefully.

1. Claim is ""good_check_in"".
2. Supports are written in short words with no adjectives and no adverbs if it is not necessary for understanding.
3. For each support, use vocab from the original text. Do not provide synonyms. Check grammar. Do not provide further opinion.
4. Add a contrary for each support as a new support.
5. Each contrary must use the same word as presented in the support and each contrary starts with ""no evident not"".
6. Regarding the format of answer, provide a list of all supports and contraries. Do not separate supports and contraries into separated sections. Do not provide assumptions. Do not provide claims.

[Text]
Check in was quick and easy",good_check_in,"- check in quick
- no evident not check in quick
- check in easy
- no evident not check in easy",
399,"Generate text in Assumption Based Argumentation (ABA) format from the given text. Use the following conditions carefully.

1. Claim is ""good_check_in"".
2. Supports are written in short words with no adjectives and no adverbs if it is not necessary for understanding.
3. For each support, use vocab from the original text. Do not provide synonyms. Check grammar. Do not provide further opinion.
4. Add a contrary for each support as a new support.
5. Each contrary must use the same word as presented in the support and each contrary starts with ""no evident not"".
6. Regarding the format of answer, provide a list of all supports and contraries. Do not separate supports and contraries into separated sections. Do not provide assumptions. Do not provide claims.

[Text]
and the room was clean and ready by 12 to check in.",good_check_in,"- room clean
- no evident not room clean
- room ready by 12
- no evident not room ready by 12",
452,"Generate text in Assumption Based Argumentation (ABA) format from the given text. Use the following conditions carefully.

1. Claim is ""good_check_in"".
2. Supports are written in short words with no adjectives and no adverbs if it is not necessary for understanding.
3. For each support, use vocab from the original text. Do not provide synonyms. Check grammar. Do not provide further opinion.
4. Add a contrary for each support as a new support.
5. Each contrary must use the same word as presented in the support and each contrary starts with ""no evident not"".
6. Regarding the format of answer, provide a list of all supports and contraries. Do not separate supports and contraries into separated sections. Do not provide assumptions. Do not provide claims.

[Text]
easy check-in.",good_check_in,"- check-in is easy
- no evident not check-in is easy",
453,"Generate text in Assumption Based Argumentation (ABA) format from the given text. Use the following conditions carefully.

1. Claim is ""bad_check_in"".
2. Supports are written in short words with no adjectives and no adverbs if it is not necessary for understanding.
3. For each support, use vocab from the original text. Do not provide synonyms. Check grammar. Do not provide further opinion.
4. Add a contrary for each support as a new support.
5. Each contrary must use the same word as presented in the support and each contrary starts with ""have evident"".
6. Regarding the format of answer, provide a list of all supports and contraries. Do not separate supports and contraries into separated sections. Do not provide assumptions. Do not provide claims.

[Text]
Waited 10 minutes for someone to come greet us for check in, no one on desk 
 Guy on desk told us we had not paid but we did 
 then he took a picture of my passport which no hotel does at all which was very strange ?????",bad_check_in,"- waited 10 minutes for check in
- have evident waited 10 minutes for check in
- no one on desk
- have evident no one on desk
- told had not paid
- have evident told had not paid
- took picture of passport
- have evident took picture of passport",
513,"Generate text in Assumption Based Argumentation (ABA) format from the given text. Use the following conditions carefully.

1. Claim is ""good_check_in"".
2. Supports are written in short words with no adjectives and no adverbs if it is not necessary for understanding.
3. For each support, use vocab from the original text. Do not provide synonyms. Check grammar. Do not provide further opinion.
4. Add a contrary for each support as a new support.
5. Each contrary must use the same word as presented in the support and each contrary starts with ""no evident not"".
6. Regarding the format of answer, provide a list of all supports and contraries. Do not separate supports and contraries into separated sections. Do not provide assumptions. Do not provide claims.

[Text]
We arrived late and the directions were clear and easy.",good_check_in,"- directions clear
- no evident not clear
- directions easy
- no evident not easy",
515,"Generate text in Assumption Based Argumentation (ABA) format from the given text. Use the following conditions carefully.

1. Claim is ""good_check_in"".
2. Supports are written in short words with no adjectives and no adverbs if it is not necessary for understanding.
3. For each support, use vocab from the original text. Do not provide synonyms. Check grammar. Do not provide further opinion.
4. Add a contrary for each support as a new support.
5. Each contrary must use the same word as presented in the support and each contrary starts with ""no evident not"".
6. Regarding the format of answer, provide a list of all supports and contraries. Do not separate supports and contraries into separated sections. Do not provide assumptions. Do not provide claims.

[Text]
Thank you very much for being able to move in earlier.",good_check_in,"- move in earlier
- no evident not move in earlier",
538,"Generate text in Assumption Based Argumentation (ABA) format from the given text. Use the following conditions carefully.

1. Claim is ""good_check_in"".
2. Supports are written in short words with no adjectives and no adverbs if it is not necessary for understanding.
3. For each support, use vocab from the original text. Do not provide synonyms. Check grammar. Do not provide further opinion.
4. Add a contrary for each support as a new support.
5. Each contrary must use the same word as presented in the support and each contrary starts with ""no evident not"".
6. Regarding the format of answer, provide a list of all supports and contraries. Do not separate supports and contraries into separated sections. Do not provide assumptions. Do not provide claims.

[Text]
We arrived in the middle of the night and were able to get into the room via self-check-in without any problems.",good_check_in,"*   check in middle of night
*   no evident not check in middle of night
*   get into room
*   no evident not get into room
*   self check in
*   no evident not self check in
*   no problems
*   no evident not no problems",
546,"Generate text in Assumption Based Argumentation (ABA) format from the given text. Use the following conditions carefully.

1. Claim is ""good_check_in"".
2. Supports are written in short words with no adjectives and no adverbs if it is not necessary for understanding.
3. For each support, use vocab from the original text. Do not provide synonyms. Check grammar. Do not provide further opinion.
4. Add a contrary for each support as a new support.
5. Each contrary must use the same word as presented in the support and each contrary starts with ""no evident not"".
6. Regarding the format of answer, provide a list of all supports and contraries. Do not separate supports and contraries into separated sections. Do not provide assumptions. Do not provide claims.

[Text]
Purely. no problem with check-in after 12 at night.",good_check_in,"- no problem with check-in
- no evident not problem
- check-in after 12 at night
- no evident not check-in",
564,"Generate text in Assumption Based Argumentation (ABA) format from the given text. Use the following conditions carefully.

1. Claim is ""good_check_in"".
2. Supports are written in short words with no adjectives and no adverbs if it is not necessary for understanding.
3. For each support, use vocab from the original text. Do not provide synonyms. Check grammar. Do not provide further opinion.
4. Add a contrary for each support as a new support.
5. Each contrary must use the same word as presented in the support and each contrary starts with ""no evident not"".
6. Regarding the format of answer, provide a list of all supports and contraries. Do not separate supports and contraries into separated sections. Do not provide assumptions. Do not provide claims.

[Text]
While we arrived after midnight there was a person at the reception to check in.",good_check_in,"- person at reception
- no evident not person at reception
- reception after midnight
- no evident not reception after midnight",
578,"Generate text in Assumption Based Argumentation (ABA) format from the given text. Use the following conditions carefully.

1. Claim is ""good_check_in"".
2. Supports are written in short words with no adjectives and no adverbs if it is not necessary for understanding.
3. For each support, use vocab from the original text. Do not provide synonyms. Check grammar. Do not provide further opinion.
4. Add a contrary for each support as a new support.
5. Each contrary must use the same word as presented in the support and each contrary starts with ""no evident not"".
6. Regarding the format of answer, provide a list of all supports and contraries. Do not separate supports and contraries into separated sections. Do not provide assumptions. Do not provide claims.

[Text]
Self check-in at night was also very easy.",good_check_in,"- self check-in
- no evident not self check-in
- check-in at night
- no evident not check-in at night
- check-in easy
- no evident not check-in easy",
589,"Generate text in Assumption Based Argumentation (ABA) format from the given text. Use the following conditions carefully.

1. Claim is ""good_check_in"".
2. Supports are written in short words with no adjectives and no adverbs if it is not necessary for understanding.
3. For each support, use vocab from the original text. Do not provide synonyms. Check grammar. Do not provide further opinion.
4. Add a contrary for each support as a new support.
5. Each contrary must use the same word as presented in the support and each contrary starts with ""no evident not"".
6. Regarding the format of answer, provide a list of all supports and contraries. Do not separate supports and contraries into separated sections. Do not provide assumptions. Do not provide claims.

[Text]
The owners left us clear and precise information for our arrival, sending us photos.",good_check_in,"- owners left clear information
- no evident not owners left clear information
- owners left precise information
- no evident not owners left precise information
- owners sent photos
- no evident not owners sent photos",
606,"Generate text in Assumption Based Argumentation (ABA) format from the given text. Use the following conditions carefully.

1. Claim is ""good_check_in"".
2. Supports are written in short words with no adjectives and no adverbs if it is not necessary for understanding.
3. For each support, use vocab from the original text. Do not provide synonyms. Check grammar. Do not provide further opinion.
4. Add a contrary for each support as a new support.
5. Each contrary must use the same word as presented in the support and each contrary starts with ""no evident not"".
6. Regarding the format of answer, provide a list of all supports and contraries. Do not separate supports and contraries into separated sections. Do not provide assumptions. Do not provide claims.

[Text]
Our flight was delayed and they took care of us both for late check-in",good_check_in,"- took care for late check-in
- no evident not took care for late check-in",
614,"Generate text in Assumption Based Argumentation (ABA) format from the given text. Use the following conditions carefully.

1. Claim is ""good_check_in"".
2. Supports are written in short words with no adjectives and no adverbs if it is not necessary for understanding.
3. For each support, use vocab from the original text. Do not provide synonyms. Check grammar. Do not provide further opinion.
4. Add a contrary for each support as a new support.
5. Each contrary must use the same word as presented in the support and each contrary starts with ""no evident not"".
6. Regarding the format of answer, provide a list of all supports and contraries. Do not separate supports and contraries into separated sections. Do not provide assumptions. Do not provide claims.

[Text]
Very friendly staff, and communication with the hotel before our arrival very fluid.",good_check_in,"- staff friendly
- no evident not staff friendly
- communication fluid
- no evident not communication fluid",
633,"Generate text in Assumption Based Argumentation (ABA) format from the given text. Use the following conditions carefully.

1. Claim is ""good_check_in"".
2. Supports are written in short words with no adjectives and no adverbs if it is not necessary for understanding.
3. For each support, use vocab from the original text. Do not provide synonyms. Check grammar. Do not provide further opinion.
4. Add a contrary for each support as a new support.
5. Each contrary must use the same word as presented in the support and each contrary starts with ""no evident not"".
6. Regarding the format of answer, provide a list of all supports and contraries. Do not separate supports and contraries into separated sections. Do not provide assumptions. Do not provide claims.

[Text]
Even though we arrived at 3 a.m., they waited for us.",good_check_in,"- they waited
- no evident not they waited
- arrived at 3 a.m.
- no evident not arrived at 3 a.m.",
639,"Generate text in Assumption Based Argumentation (ABA) format from the given text. Use the following conditions carefully.

1. Claim is ""good_check_in"".
2. Supports are written in short words with no adjectives and no adverbs if it is not necessary for understanding.
3. For each support, use vocab from the original text. Do not provide synonyms. Check grammar. Do not provide further opinion.
4. Add a contrary for each support as a new support.
5. Each contrary must use the same word as presented in the support and each contrary starts with ""no evident not"".
6. Regarding the format of answer, provide a list of all supports and contraries. Do not separate supports and contraries into separated sections. Do not provide assumptions. Do not provide claims.

[Text]
They accommodated us with an earlier check-in and earlier check-out. There is no problem with a later check-in either.",good_check_in,"- accommodated earlier check-in
- no evident not accommodated earlier check-in
- accommodated earlier check-out
- no evident not accommodated earlier check-out
- no problem later check-in
- no evident not no problem later check-in",
660,"Generate text in Assumption Based Argumentation (ABA) format from the given text. Use the following conditions carefully.

1. Claim is ""good_check_in"".
2. Supports are written in short words with no adjectives and no adverbs if it is not necessary for understanding.
3. For each support, use vocab from the original text. Do not provide synonyms. Check grammar. Do not provide further opinion.
4. Add a contrary for each support as a new support.
5. Each contrary must use the same word as presented in the support and each contrary starts with ""no evident not"".
6. Regarding the format of answer, provide a list of all supports and contraries. Do not separate supports and contraries into separated sections. Do not provide assumptions. Do not provide claims.

[Text]
The hotel allowed us, at no extra cost, a late arrival and a late departure (at 1:30 p.m.).",good_check_in,"- late arrival allowed
- no evident not late arrival allowed
- late departure allowed
- no evident not late departure allowed
- no extra cost
- no evident not no extra cost",
775,"Generate text in Assumption Based Argumentation (ABA) format from the given text. Use the following conditions carefully.

1. Claim is ""good_check_in"".
2. Supports are written in short words with no adjectives and no adverbs if it is not necessary for understanding.
3. For each support, use vocab from the original text. Do not provide synonyms. Check grammar. Do not provide further opinion.
4. Add a contrary for each support as a new support.
5. Each contrary must use the same word as presented in the support and each contrary starts with ""no evident not"".
6. Regarding the format of answer, provide a list of all supports and contraries. Do not separate supports and contraries into separated sections. Do not provide assumptions. Do not provide claims.

[Text]
perfect welcome even arriving at 4am",good_check_in,"- welcome
- no evident not welcome
- arriving at 4am
- no evident not arriving at 4am",
778,"Generate text in Assumption Based Argumentation (ABA) format from the given text. Use the following conditions carefully.

1. Claim is ""good_check_in"".
2. Supports are written in short words with no adjectives and no adverbs if it is not necessary for understanding.
3. For each support, use vocab from the original text. Do not provide synonyms. Check grammar. Do not provide further opinion.
4. Add a contrary for each support as a new support.
5. Each contrary must use the same word as presented in the support and each contrary starts with ""no evident not"".
6. Regarding the format of answer, provide a list of all supports and contraries. Do not separate supports and contraries into separated sections. Do not provide assumptions. Do not provide claims.

[Text]
Perfect welcome at 1:30 in the morning!",good_check_in,"- welcome
- no evident not welcome
- welcome at morning
- no evident not welcome at morning",
779,"Generate text in Assumption Based Argumentation (ABA) format from the given text. Use the following conditions carefully.

1. Claim is ""good_check_in"".
2. Supports are written in short words with no adjectives and no adverbs if it is not necessary for understanding.
3. For each support, use vocab from the original text. Do not provide synonyms. Check grammar. Do not provide further opinion.
4. Add a contrary for each support as a new support.
5. Each contrary must use the same word as presented in the support and each contrary starts with ""no evident not"".
6. Regarding the format of answer, provide a list of all supports and contraries. Do not separate supports and contraries into separated sections. Do not provide assumptions. Do not provide claims.

[Text]
Check-in at 4am",good_check_in,"- check-in at 4am
- no evident not check-in at 4am",
