ID,Output
161,"good_check_out
check_out_time
no_evident_not_check_out_time

good_check_out
quick_check_out
no_evident_not_quick_check_out

good_check_out
convenient_check_out
no_evident_not_convenient_check_out"
310,"good_check_out
allowed
no_evident_not_allowed

flight
no_evident_no_flight"
314,"good_check_out
fast_checkin_checkout
no_evident_not_fast_checkin_checkout"
542,"left
no evident not left

problems
no evident not problems"
639,"earlier_check_in
no_evident_not_earlier_check_in

earlier_check_out
no_evident_not_earlier_check_out"
660,"good_check_out
late_departure
no_evident_not_late_departure
late_arrival
no_evident_not Late_arrival"
711,"good_check_out
late_check_in no_evident_not_late_check_in
availability_of_rooms_no_evident_availability_of_rooms
staff_assistance_no_evident_staff_assistance
flexible_policies_no_evident_flexible_policies
additional_charges_no_evident_additional_charges"
769,"- did not allow
- turned over
- delayed plane
- have evident allowed
- have evident on time plane"
